Arch_ID,Config,Val_Loss,C2_w,C2_d,C2_idx,C3_w,C3_d,C3_idx,C4_w,C4_d,C4_idx,C5_w,C5_d,C5_idx,Math_GFLOPs,C2_GFLOPs,C3_GFLOPs,C4_GFLOPs,C5_GFLOPs
980,"[22, 12, 35, 39]",0.6521240651607514,48,3,22,32,1,12,72,4,35,80,4,39,2.284672,1.26976,0.292864,0.2579968,0.1093504
116,"[22, 30, 48, 27]",0.6557838201522828,48,3,22,64,3,30,104,1,48,56,4,27,2.6818688,1.26976,0.7876608,0.1564672,0.11328
837,"[22, 36, 45, 43]",0.658519583940506,48,3,22,80,1,36,96,2,45,88,4,43,2.4852992,1.26976,0.3616768,0.3460096,0.153152
766,"[22, 12, 6, 27]",0.661873459815979,48,3,22,32,1,12,16,3,6,56,4,27,1.9944192,1.26976,0.292864,0.0405504,0.036544
514,"[22, 27, 32, 38]",0.6626910746097565,48,3,22,56,4,27,72,1,32,80,3,38,2.6728448,1.26976,0.8476672,0.1129984,0.0877184
475,"[29, 30, 8, 23]",0.6630308747291564,64,2,29,64,3,30,24,1,8,48,4,23,2.6807808,1.1747328,1.0010624,0.1196032,0.0306816
331,"[26, 15, 40, 46]",0.6655712366104126,56,3,26,32,4,15,88,1,40,96,3,46,2.743424,1.6449536,0.5658624,0.0505856,0.1273216
204,"[22, 27, 28, 21]",0.6694549679756164,48,3,22,56,4,27,64,1,28,48,2,21,2.6225792,1.26976,0.8476672,0.1097216,0.0407296
879,"[22, 24, 43, 19]",0.6713306784629822,48,3,22,56,1,24,88,4,43,40,4,19,2.45792,1.26976,0.3272704,0.432128,0.0740608
732,"[22, 19, 47, 46]",0.6724168837070466,48,3,22,40,4,19,96,4,47,96,3,46,2.7835264,1.26976,0.5777408,0.4432384,0.1380864
752,"[21, 38, 28, 39]",0.6762464046478271,48,2,21,80,3,38,64,1,28,80,4,39,2.4680064,0.753664,1.0539008,0.2044928,0.101248
17,"[22, 29, 40, 15]",0.6784631788730622,48,3,22,64,2,29,88,1,40,32,4,15,2.403712,1.26976,0.5632,0.1490944,0.0669568
989,"[22, 34, 24, 37]",0.679295688867569,48,3,22,72,3,34,56,1,24,80,2,37,2.7549184,1.26976,0.9142272,0.1655296,0.0507008
437,"[29, 41, 4, 11]",0.6797923922538758,64,2,29,88,2,41,16,1,4,24,4,11,2.7650816,1.1747328,1.0131456,0.2131456,0.0093568
679,"[25, 34, 28, 50]",0.6802743434906006,56,2,25,72,3,34,64,1,28,104,3,50,2.6027648,0.9510912,1.0160128,0.1696256,0.1113344
676,"[25, 24, 38, 27]",0.6807020366191864,56,2,25,56,1,24,80,3,38,56,4,27,2.103424,0.9510912,0.4257792,0.2893312,0.0825216
349,"[22, 28, 39, 45]",0.6808666944503784,48,3,22,64,1,28,80,4,39,96,2,45,2.4546944,1.26976,0.3387392,0.404992,0.0865024
883,"[22, 15, 8, 37]",0.6817006826400757,48,3,22,32,4,15,24,1,8,80,2,37,2.1606912,1.26976,0.4722688,0.0342016,0.02976
281,"[22, 11, 31, 21]",0.6846795022487641,48,3,22,24,4,11,64,4,31,48,2,21,2.2492288,1.26976,0.3864576,0.1975808,0.0407296
472,"[29, 25, 46, 45]",0.6851611316204071,64,2,29,56,2,25,96,3,46,96,2,45,2.7173248,1.1747328,0.7108608,0.3698176,0.1072128
521,"[26, 14, 14, 38]",0.6852348923683167,56,3,26,32,3,14,32,3,14,80,3,38,2.627264,1.6449536,0.5060608,0.0661504,0.0553984
636,"[22, 20, 54, 55]",0.6857958137989044,48,3,22,48,1,20,112,3,54,112,4,55,2.6048384,1.26976,0.3158016,0.4359168,0.2286592
687,"[25, 41, 45, 38]",0.6873802661895752,56,2,25,88,2,41,96,2,45,80,3,38,2.7035008,0.9510912,0.894976,0.385792,0.1169408
957,"[22, 11, 48, 33]",0.6879417300224304,48,3,22,24,4,11,104,1,48,72,2,33,2.1495936,1.26976,0.3864576,0.0374272,0.101248
153,"[29, 11, 39, 18]",0.6882857203483581,64,2,29,24,4,11,80,4,39,40,3,18,2.4641408,1.1747328,0.5834752,0.292096,0.059136
298,"[26, 7, 12, 46]",0.6886516749858856,56,3,26,16,4,7,32,1,12,96,3,46,2.4975744,1.6449536,0.410624,0.0123904,0.0749056
185,"[21, 31, 7, 30]",0.6888523817062377,48,2,21,64,4,31,16,4,7,64,3,30,2.2813824,0.753664,1.0121216,0.128512,0.032384
936,"[21, 27, 46, 30]",0.6891322433948517,48,2,21,56,4,27,96,3,46,64,3,30,2.4249216,0.753664,0.8476672,0.3698176,0.099072
754,"[22, 15, 49, 47]",0.6894785583019256,48,3,22,32,4,15,104,2,49,96,4,47,2.4763904,1.26976,0.4722688,0.1991168,0.180544
643,"[22, 17, 49, 15]",0.6895062565803528,48,3,22,40,2,17,104,2,49,32,4,15,2.3272448,1.26976,0.3954688,0.219648,0.0876672
117,"[23, 12, 18, 42]",0.6898346245288849,48,4,23,32,1,12,40,3,18,88,3,42,2.5869568,1.785856,0.292864,0.0838656,0.0696704
661,"[22, 32, 18, 59]",0.6902100265026092,48,3,22,72,1,32,40,3,18,120,4,59,2.3410304,1.26976,0.350208,0.2029056,0.163456
486,"[21, 48, 45, 21]",0.6903822302818299,48,2,21,104,1,48,96,2,45,48,2,21,2.0560512,0.753664,0.3960832,0.4751872,0.076416
163,"[25, 41, 48, 39]",0.6910691976547241,56,2,25,88,2,41,104,1,48,80,4,39,2.6179328,0.9510912,0.894976,0.2672128,0.149952
723,"[22, 23, 53, 14]",0.691085809469223,48,3,22,48,4,23,112,2,53,32,3,14,2.6917504,1.26976,0.7028736,0.2689024,0.0955136
307,"[26, 15, 33, 22]",0.6917735874652863,56,3,26,32,4,15,72,2,33,48,3,22,2.7389952,1.6449536,0.5658624,0.116992,0.0564864
501,"[22, 10, 52, 26]",0.6918925046920776,48,3,22,24,3,10,112,1,52,56,3,26,2.1292928,1.26976,0.3514368,0.0390656,0.1143296
613,"[26, 7, 57, 38]",0.6918980002403259,56,3,26,16,4,7,120,2,57,80,3,38,2.7809536,1.6449536,0.410624,0.2171392,0.153536
206,"[21, 15, 57, 7]",0.6919570505619049,48,2,21,32,4,15,120,2,57,16,4,7,1.9309568,0.753664,0.4722688,0.2500096,0.1003136
864,"[23, 4, 42, 19]",0.692027622461319,48,4,23,16,1,4,88,3,42,40,4,19,2.71392,1.785856,0.2699264,0.229376,0.0740608
479,"[23, 20, 22, 50]",0.6922755062580108,48,4,23,48,1,20,48,3,22,104,3,50,2.6967936,1.785856,0.3158016,0.1434624,0.0969728
365,"[14, 27, 48, 47]",0.6928378224372864,32,3,14,56,4,27,104,1,48,96,4,47,2.0279808,0.6766592,0.6899712,0.1261056,0.180544
15,"[21, 39, 16, 25]",0.6933603465557099,48,2,21,80,4,39,40,1,16,56,2,25,2.725312,0.753664,1.4000128,0.190976,0.0259584
197,"[22, 37, 31, 11]",0.6942550420761109,48,3,22,80,2,37,64,4,31,24,4,11,2.7415552,1.26976,0.7077888,0.3728384,0.0364672
702,"[26, 12, 49, 2]",0.694698017835617,56,3,26,32,1,12,104,2,49,8,3,2,2.6580224,1.6449536,0.3864576,0.1991168,0.0727936
781,"[22, 17, 29, 17]",0.6947481513023377,48,3,22,40,2,17,64,2,29,40,2,17,2.1764096,1.26976,0.3954688,0.11904,0.03744
890,"[29, 29, 22, 6]",0.6949522018432617,64,2,29,64,2,29,48,3,22,16,3,6,2.5201792,1.1747328,0.7766016,0.1951744,0.0189696
656,"[25, 45, 36, 7]",0.6951425611972809,56,2,25,96,2,45,80,1,36,16,4,7,2.6333056,0.9510912,0.9852928,0.2947072,0.0475136
678,"[21, 34, 14, 25]",0.6951861262321473,48,2,21,72,3,34,32,3,14,56,2,25,2.2271744,0.753664,0.9142272,0.1831424,0.02144
995,"[14, 42, 49, 38]",0.6952482998371124,32,3,14,88,3,42,104,2,49,80,3,38,2.6072064,0.6766592,1.0358784,0.411648,0.12832
557,"[26, 40, 16, 22]",0.6954858362674713,56,3,26,88,1,40,40,1,16,48,3,22,2.736384,1.6449536,0.478208,0.2278912,0.0306304
487,"[22, 14, 12, 7]",0.6960862576961517,48,3,22,32,3,14,32,1,12,16,4,7,2.0843648,1.26976,0.4124672,0.0362496,0.0111872
52,"[15, 57, 14, 43]",0.696176040172577,32,4,15,120,2,57,32,3,14,88,4,43,2.7930624,0.9158656,1.0000384,0.4316672,0.0907904
188,"[18, 27, 36, 22]",0.696403568983078,40,3,18,56,4,27,80,1,36,48,3,22,2.2452352,0.9469952,0.7622656,0.1162752,0.0649984
830,"[22, 45, 5, 33]",0.6964587390422821,48,3,22,96,2,45,16,2,5,72,2,33,2.7816192,1.26976,0.878592,0.2563072,0.0222592
76,"[15, 36, 34, 54]",0.6966680645942688,32,4,15,80,1,36,72,3,34,112,3,54,1.9467776,0.9158656,0.1941504,0.3500032,0.1320576
253,"[14, 21, 47, 39]",0.6967148661613465,32,3,14,48,2,21,96,4,47,80,4,39,1.926976,0.6766592,0.2904064,0.4666368,0.1385728
638,"[21, 45, 24, 46]",0.6967916250228882,48,2,21,96,2,45,56,1,24,96,3,46,2.358144,0.753664,0.878592,0.2787328,0.0924544
267,"[29, 19, 50, 31]",0.6972646474838257,64,2,29,40,4,19,104,3,50,64,4,31,2.799104,1.1747328,0.781312,0.3640832,0.1242752
378,"[25, 45, 12, 11]",0.6978924512863159,56,2,25,96,2,45,32,1,12,24,4,11,2.56896,0.9510912,0.9852928,0.2627584,0.0151168
819,"[22, 15, 19, 21]",0.698066645860672,48,3,22,32,4,15,40,4,19,48,2,21,2.2259456,1.26976,0.4722688,0.1066496,0.0225664
170,"[26, 36, 15, 44]",0.6981017649173736,56,3,26,80,1,36,32,4,15,96,1,44,2.7092352,1.6449536,0.4651008,0.2313216,0.0131584
901,"[14, 30, 34, 46]",0.6983616828918457,32,3,14,64,3,30,72,3,34,96,3,46,2.049024,0.6766592,0.626688,0.2827264,0.1082496
230,"[19, 45, 16, 27]",0.698671156167984,40,4,19,96,2,45,40,1,16,56,4,27,2.7669632,1.3115392,0.7849984,0.2680832,0.0476416
814,"[18, 12, 43, 45]",0.6989695012569428,40,3,18,32,1,12,88,4,43,96,2,45,1.9736832,0.9469952,0.2123776,0.3631616,0.096448
542,"[29, 4, 50, 47]",0.6990009427070618,64,2,29,16,1,4,104,3,50,96,4,47,2.4859648,1.1747328,0.4636672,0.31232,0.180544
463,"[15, 42, 8, 26]",0.699270099401474,32,4,15,88,3,42,24,1,8,56,3,26,2.553088,0.9158656,1.0358784,0.2180608,0.0285824
126,"[22, 21, 54, 49]",0.6993704378604889,48,3,22,48,2,21,112,3,54,104,2,49,2.6431744,1.26976,0.4448256,0.4359168,0.1379712
716,"[14, 31, 52, 15]",0.6996807932853699,32,3,14,64,4,31,112,1,52,32,4,15,2.1419136,0.6766592,0.8511488,0.1601536,0.0992512
202,"[18, 34, 34, 7]",0.7003129839897155,40,3,18,72,3,34,72,3,34,16,4,7,2.4813824,0.9469952,0.8255488,0.3147264,0.0394112
75,"[25, 33, 40, 21]",0.7003178477287293,56,2,25,72,2,33,88,1,40,48,2,21,2.2879744,0.9510912,0.7340032,0.1819136,0.0662656
210,"[22, 22, 17, 31]",0.7003327488899231,48,3,22,48,3,22,40,2,17,64,4,31,2.3549952,1.26976,0.5738496,0.0988672,0.0578176
60,"[21, 31, 9, 14]",0.7004370212554931,48,2,21,64,4,31,24,2,9,32,3,14,2.2619904,0.753664,1.0121216,0.1283584,0.0131456
932,"[22, 18, 34, 10]",0.7004507958889008,48,3,22,40,3,18,72,3,34,24,3,10,2.3591168,1.26976,0.4866048,0.2063872,0.041664
272,"[21, 35, 26, 21]",0.7005867004394531,48,2,21,72,4,35,56,3,26,48,2,21,2.59072,0.753664,1.1962368,0.2522624,0.033856
222,"[22, 15, 53, 17]",0.701019960641861,48,3,22,32,4,15,112,2,53,40,2,17,2.415744,1.26976,0.4722688,0.223744,0.0952704
769,"[28, 43, 48, 11]",0.701214075088501,64,1,28,88,4,43,104,1,48,24,4,11,2.827072,0.2768896,1.8466816,0.2672128,0.0815872
710,"[21, 26, 44, 2]",0.7014501929283142,48,2,21,56,3,26,96,1,44,8,3,2,1.9677312,0.753664,0.6742016,0.1228288,0.062336
797,"[22, 25, 51, 32]",0.7020990490913391,48,3,22,56,2,25,104,4,51,72,1,32,2.7682304,1.26976,0.500736,0.5594112,0.0836224
646,"[21, 27, 7, 33]",0.7022714436054229,48,2,21,56,4,27,16,4,7,72,2,33,2.0809472,0.753664,0.8476672,0.102656,0.0222592
715,"[33, 22, 28, 6]",0.7024608194828034,72,2,33,48,3,22,64,1,28,16,3,6,2.7988352,1.4245888,0.9037824,0.0846848,0.0310784
584,"[26, 15, 11, 2]",0.7026435434818268,56,3,26,32,4,15,24,4,11,8,3,2,2.6310656,1.6449536,0.5658624,0.0604672,0.0050816
824,"[18, 24, 29, 58]",0.70282182097435,40,3,18,56,1,24,64,2,29,120,3,58,1.8459776,0.9469952,0.2418688,0.1658368,0.136576
273,"[21, 44, 50, 22]",0.7028293609619141,48,2,21,96,1,44,104,3,50,48,3,22,2.1879808,0.753664,0.3846144,0.599552,0.0954496
955,"[25, 21, 34, 57]",0.7030067026615143,56,2,25,48,2,21,72,3,34,120,2,57,2.1734272,0.9510912,0.541696,0.2285568,0.0973824
51,"[20, 47, 12, 19]",0.7032616317272187,48,1,20,96,4,47,32,1,12,40,4,19,2.7482368,0.237568,1.8665472,0.2627584,0.0266624
24,"[26, 20, 13, 37]",0.7038151860237122,56,3,26,48,1,20,32,2,13,80,2,37,2.5342592,1.6449536,0.412672,0.0881664,0.0337664
724,"[21, 36, 38, 18]",0.704357248544693,48,2,21,80,1,36,80,3,38,40,3,18,1.9157376,0.753664,0.3616768,0.38656,0.059136
633,"[25, 41, 42, 44]",0.7044317901134491,56,2,25,88,2,41,88,3,42,96,1,44,2.7321088,0.9510912,0.894976,0.4657664,0.0655744
614,"[36, 30, 40, 26]",0.7047914743423462,80,1,36,64,3,30,88,1,40,56,3,26,2.1680128,0.3162112,1.2668928,0.1490944,0.0811136
182,"[23, 10, 30, 50]",0.7048496127128601,48,4,23,24,3,10,64,3,30,104,3,50,2.7447936,1.785856,0.3514368,0.1414656,0.1113344
491,"[26, 25, 36, 17]",0.7052167475223541,56,3,26,56,2,25,80,1,36,40,2,17,2.7686144,1.6449536,0.5992448,0.1162752,0.05344
427,"[21, 17, 46, 18]",0.7060064256191254,48,2,21,40,2,17,96,3,46,40,3,18,1.9019904,0.753664,0.3954688,0.319744,0.0784128
923,"[26, 4, 14, 35]",0.7060147106647492,56,3,26,16,1,4,32,3,14,72,4,35,2.466688,1.6449536,0.3602432,0.0422912,0.0644992
148,"[22, 26, 23, 50]",0.7061191380023957,48,3,22,56,3,26,48,4,23,104,3,50,2.5955712,1.26976,0.6742016,0.199936,0.0969728
101,"[21, 30, 18, 35]",0.7062360763549804,48,2,21,64,3,30,40,3,18,72,4,35,2.137792,0.753664,0.7876608,0.172544,0.0692224
99,"[29, 7, 29, 39]",0.7063183784484863,64,2,29,16,4,7,64,2,29,80,4,39,2.2181504,1.1747328,0.514048,0.0734208,0.101248
55,"[21, 26, 21, 43]",0.7066378355026245,48,2,21,56,3,26,48,2,21,88,4,43,2.019456,0.753664,0.6742016,0.135424,0.1014656
398,"[22, 25, 33, 8]",0.7066446185112,48,3,22,56,2,25,72,2,33,24,1,8,2.345984,1.26976,0.500736,0.1835008,0.0372864
642,"[14, 35, 49, 21]",0.707011091709137,32,3,14,72,4,35,104,2,49,48,2,21,2.4852736,0.6766592,1.0319872,0.3345408,0.0873856
637,"[22, 32, 6, 50]",0.7070665121078491,48,3,22,72,1,32,16,3,6,104,3,50,2.2061952,1.26976,0.350208,0.1534464,0.07808
476,"[15, 35, 37, 38]",0.7071465849876404,32,4,15,72,4,35,80,2,37,80,3,38,2.6635392,0.9158656,1.0319872,0.2643456,0.09664
322,"[15, 40, 34, 41]",0.7071684300899506,32,4,15,88,1,40,72,3,34,88,2,41,1.932992,0.9158656,0.2023424,0.3885568,0.0715264
664,"[14, 38, 34, 22]",0.7072064995765686,32,3,14,80,3,38,72,3,34,48,3,22,2.324224,0.6766592,0.8863744,0.3500032,0.0564864
218,"[25, 18, 44, 7]",0.7072273254394531,56,2,25,40,3,18,96,1,44,16,4,7,2.02656,0.9510912,0.5818368,0.0727552,0.066176
383,"[22, 19, 21, 10]",0.7073028028011322,48,3,22,40,4,19,48,2,21,24,3,10,2.314432,1.26976,0.5777408,0.0902656,0.0219648
495,"[15, 30, 44, 42]",0.7078277409076691,32,4,15,64,3,30,96,1,44,88,3,42,2.1771392,0.9158656,0.626688,0.1527808,0.127104
213,"[18, 48, 53, 41]",0.7079355359077454,40,3,18,104,1,48,112,2,53,88,2,41,2.2575616,0.9469952,0.3008512,0.530176,0.1248384
289,"[26, 7, 53, 35]",0.7079755187034606,56,3,26,16,4,7,112,2,53,72,4,35,2.7505664,1.6449536,0.410624,0.1916928,0.1485952
798,"[29, 12, 26, 22]",0.708003181219101,64,2,29,32,1,12,56,3,26,48,3,22,2.1936384,1.1747328,0.4931584,0.1291264,0.04192
745,"[22, 15, 27, 45]",0.7080168187618255,48,3,22,32,4,15,56,4,27,96,2,45,2.3308032,1.26976,0.4722688,0.1724928,0.0615808
239,"[14, 29, 31, 50]",0.708095932006836,32,3,14,64,2,29,64,4,31,104,3,50,1.8513024,0.6766592,0.4022272,0.3063808,0.1113344
409,"[22, 56, 16, 9]",0.7081756472587586,48,3,22,120,1,56,40,1,16,24,2,9,2.4666496,1.26976,0.4190208,0.40832,0.014848
599,"[15, 24, 43, 13]",0.7082641422748566,32,4,15,56,1,24,88,4,43,32,2,13,1.9317504,0.9158656,0.1695744,0.432128,0.0594816
169,"[14, 34, 48, 21]",0.7084002137184143,32,3,14,72,3,34,104,1,48,48,2,21,2.0588288,0.6766592,0.7499776,0.1901056,0.0873856
449,"[19, 8, 42, 27]",0.7084015548229218,40,4,19,24,1,8,88,3,42,56,4,27,2.2032768,1.3115392,0.2025472,0.2425344,0.0919552
317,"[33, 17, 34, 2]",0.7085323214530945,72,2,33,40,2,17,72,3,34,8,3,2,2.7420416,1.4245888,0.7204864,0.2063872,0.0358784
115,"[21, 49, 40, 13]",0.7085644185543061,48,2,21,104,2,49,88,1,40,32,2,13,2.4876288,0.753664,0.973824,0.3459584,0.0594816
692,"[33, 24, 33, 14]",0.7086508393287658,72,2,33,56,1,24,72,2,33,32,3,14,2.6706944,1.4245888,0.6621184,0.1835008,0.0457856
876,"[26, 8, 35, 15]",0.7086917996406555,56,3,26,24,1,8,72,4,35,32,4,15,2.6649088,1.6449536,0.3733504,0.2423808,0.0495232
526,"[17, 42, 43, 17]",0.7087723672389984,40,2,17,88,3,42,88,4,43,40,2,17,2.6845056,0.5824512,1.1147264,0.5699584,0.0626688
77,"[20, 38, 57, 5]",0.70917529463768,48,1,20,80,3,38,120,2,57,16,2,5,2.171648,0.237568,1.0539008,0.427264,0.0982144
150,"[18, 31, 7, 59]",0.7092814922332764,40,3,18,64,4,31,16,4,7,120,4,59,2.5051904,0.9469952,0.9250816,0.128512,0.1499008
945,"[21, 52, 18, 31]",0.709602278470993,48,2,21,112,1,52,40,3,18,64,4,31,1.9776,0.753664,0.407552,0.4038656,0.0578176
226,"[28, 43, 15, 18]",0.7096675276756287,64,1,28,88,4,43,32,4,15,40,3,18,2.7670656,0.2768896,1.8466816,0.2678272,0.0209664
443,"[25, 12, 34, 34]",0.7097525298595428,56,2,25,32,1,12,72,3,34,72,3,34,1.9584256,0.9510912,0.3864576,0.1874944,0.0786816
397,"[26, 1, 45, 43]",0.7098480522632599,56,3,26,8,2,1,96,2,45,88,4,43,2.6404864,1.6449536,0.352256,0.135424,0.153152
416,"[23, 20, 28, 11]",0.709901362657547,48,4,23,48,1,20,64,1,28,24,4,11,2.5775104,1.785856,0.3158016,0.0846848,0.0364672
677,"[18, 22, 37, 42]",0.7099283814430237,40,3,18,48,3,22,80,2,37,88,3,42,2.075328,0.9469952,0.4900864,0.1769472,0.1065984
578,"[15, 21, 39, 58]",0.709949004650116,32,4,15,48,2,21,80,4,39,120,3,58,2.0656,0.9158656,0.2904064,0.3500032,0.154624
376,"[25, 30, 3, 53]",0.7100101947784424,56,2,25,64,3,30,8,4,3,112,2,53,2.354816,0.9510912,0.887808,0.1160704,0.0451456
721,"[20, 27, 38, 59]",0.7102631866931916,48,1,20,56,4,27,80,3,38,120,4,59,1.9316992,0.237568,0.8476672,0.2893312,0.202432
485,"[21, 17, 51, 45]",0.710271543264389,48,2,21,40,2,17,104,4,51,96,2,45,2.1311488,0.753664,0.3954688,0.5085184,0.1187968
387,"[29, 36, 57, 41]",0.7103235304355622,64,2,29,80,1,36,120,2,57,88,2,41,2.676288,1.1747328,0.581632,0.427264,0.1379584
589,"[21, 37, 40, 45]",0.7105847954750061,48,2,21,80,2,37,88,1,40,96,2,45,2.1306112,0.753664,0.7077888,0.2180096,0.096448
834,"[23, 28, 9, 35]",0.7109528839588165,48,4,23,64,1,28,24,2,9,72,4,35,2.6682496,1.785856,0.3387392,0.1283584,0.0605952
709,"[18, 33, 30, 43]",0.7111750304698944,40,3,18,72,2,33,64,3,30,88,4,43,2.2425088,0.9469952,0.5435392,0.281856,0.1154176
768,"[29, 10, 11, 27]",0.7113894999027253,64,2,29,24,3,10,24,4,11,56,4,27,2.1646208,1.1747328,0.5484544,0.0473088,0.039424
555,"[22, 15, 54, 5]",0.7115275144577027,48,3,22,32,4,15,112,3,54,16,2,5,2.573504,1.26976,0.4722688,0.3907584,0.086016
700,"[21, 57, 19, 20]",0.7116335153579711,48,2,21,120,2,57,40,4,19,48,1,20,2.783488,0.753664,1.1839488,0.476672,0.0145024
324,"[19, 40, 25, 43]",0.7117441236972809,40,4,19,88,1,40,56,2,25,88,4,43,2.3365504,1.3115392,0.2811904,0.281088,0.108032
28,"[22, 30, 3, 40]",0.7119282305240631,48,3,22,64,3,30,8,4,3,88,1,40,2.5309696,1.26976,0.7876608,0.1160704,0.0027776
439,"[15, 56, 30, 37]",0.7119655191898346,32,4,15,120,1,56,64,3,30,80,2,37,2.103872,0.9158656,0.2351104,0.5402112,0.057984
922,"[32, 27, 33, 5]",0.7120470225811004,72,1,32,56,4,27,72,2,33,16,2,5,2.0545792,0.2965504,1.1825152,0.1835008,0.037312
270,"[18, 48, 32, 23]",0.7123205780982971,40,3,18,104,1,48,72,1,32,48,4,23,2.0015872,0.9469952,0.3008512,0.3344896,0.0645504
401,"[17, 20, 55, 26]",0.7124739468097687,40,2,17,48,1,20,112,4,55,56,3,26,1.8864512,0.5824512,0.2320384,0.6029312,0.1143296
944,"[13, 34, 46, 27]",0.7126854300498963,32,2,13,72,3,34,96,3,46,56,4,27,2.0773376,0.4374528,0.7499776,0.4329984,0.102208
454,"[22, 11, 17, 37]",0.7126924514770507,48,3,22,24,4,11,40,2,17,80,2,37,2.0966144,1.26976,0.3864576,0.047104,0.038592
998,"[25, 21, 7, 23]",0.7129016816616058,56,2,25,48,2,21,16,4,7,48,4,23,1.9554688,0.9510912,0.541696,0.0800768,0.027904
659,"[15, 38, 36, 47]",0.7130098700523376,32,4,15,80,3,38,80,1,36,96,4,47,2.5186944,0.9158656,0.8863744,0.213504,0.1482496
586,"[28, 30, 45, 27]",0.7130731284618378,64,1,28,64,3,30,96,2,45,56,4,27,2.011136,0.2768896,1.0010624,0.2762752,0.102208
53,"[25, 41, 2, 35]",0.7131503582000732,56,2,25,88,2,41,8,3,2,72,4,35,2.4668032,0.9510912,0.894976,0.2107904,0.0552448
652,"[18, 41, 2, 2]",0.7132796883583069,40,3,18,88,2,41,8,3,2,8,3,2,2.2118144,0.9469952,0.6979584,0.2107904,0.0013696
104,"[25, 44, 17, 7]",0.7132916271686554,56,2,25,96,1,44,40,2,17,16,4,7,2.103168,0.9510912,0.4913152,0.2908672,0.0151936
178,"[22, 7, 31, 32]",0.7134618997573853,48,3,22,16,4,7,64,4,31,72,1,32,2.1658496,1.26976,0.3203072,0.1856512,0.0354304
740,"[25, 48, 13, 14]",0.7135640561580658,56,2,25,104,1,48,32,2,13,32,3,14,2.14752,0.9510912,0.5044224,0.320768,0.0165376
176,"[14, 28, 59, 38]",0.7138617217540741,32,3,14,64,1,28,120,4,59,80,3,38,2.1001984,0.6766592,0.1777664,0.737536,0.153536
235,"[13, 42, 39, 50]",0.7139616966247558,32,2,13,88,3,42,80,4,39,104,3,50,2.469056,0.4374528,1.0358784,0.5120512,0.1289728
105,"[13, 38, 34, 38]",0.7142996847629547,32,2,13,80,3,38,72,3,34,80,3,38,2.1162496,0.4374528,0.8863744,0.3500032,0.0877184
925,"[44, 30, 44, 3]",0.7144318222999573,96,1,44,64,3,30,96,1,44,8,4,3,2.5108224,0.3555328,1.585152,0.1527808,0.062656
180,"[22, 40, 56, 5]",0.7144930064678192,48,3,22,88,1,40,120,1,56,16,2,5,2.372864,1.26976,0.3731456,0.2770432,0.0982144
785,"[22, 9, 58, 55]",0.7147493481636047,48,3,22,24,2,9,120,3,58,112,4,55,2.6061312,1.26976,0.316416,0.423168,0.2420864
750,"[21, 38, 0, 34]",0.7148882031440735,48,2,21,80,3,38,8,1,0,72,3,34,2.3728384,0.753664,1.0539008,0.1729536,0.0376192
607,"[11, 42, 41, 27]",0.7150487720966339,24,4,11,88,3,42,88,2,41,56,4,27,2.3772032,0.5988352,0.9701376,0.3615744,0.0919552
74,"[15, 57, 8, 45]",0.7151017129421234,32,4,15,120,2,57,24,1,8,96,2,45,2.7056384,0.9158656,1.0000384,0.3952128,0.0398208
480,"[18, 31, 32, 53]",0.7151264250278473,40,3,18,64,4,31,72,1,32,112,2,53,2.4588032,0.9469952,0.9250816,0.1417216,0.090304
942,"[40, 27, 14, 43]",0.7152315616607666,88,1,40,56,4,27,32,3,14,88,4,43,2.3791616,0.335872,1.4712832,0.1265152,0.0907904
934,"[11, 42, 40, 43]",0.7153183698654175,24,4,11,88,3,42,88,1,40,88,4,43,2.3235456,0.5988352,0.9701376,0.2573824,0.1424896
234,"[14, 45, 57, 57]",0.715513163805008,32,3,14,96,2,45,120,2,57,120,2,57,2.4147072,0.6766592,0.704512,0.5125632,0.166272
189,"[14, 39, 7, 51]",0.7155628323554992,32,3,14,80,4,39,16,4,7,104,4,51,2.5680896,0.6766592,1.2324864,0.1900544,0.1141888
829,"[14, 56, 55, 37]",0.7156597793102264,32,3,14,120,1,56,112,4,55,80,2,37,2.3537024,0.6766592,0.2351104,0.9683456,0.1188864
415,"[14, 48, 54, 55]",0.716020119190216,32,3,14,104,1,48,112,3,54,112,4,55,2.175936,0.6766592,0.2187264,0.6971904,0.2286592
518,"[21, 15, 55, 57]",0.7160329163074494,48,2,21,32,4,15,112,4,55,120,2,57,2.2911488,0.753664,0.4722688,0.5577728,0.1527424
654,"[36, 29, 21, 7]",0.716066324710846,80,1,36,64,2,29,48,2,21,16,4,7,1.8962816,0.3162112,1.042432,0.1629184,0.0200192
262,"[29, 28, 44, 23]",0.716256445646286,64,2,29,64,1,28,96,1,44,48,4,23,2.3268992,1.1747328,0.5521408,0.1527808,0.092544
770,"[26, 15, 23, 37]",0.7164736568927765,56,3,26,32,4,15,48,4,23,80,2,37,2.7468672,1.6449536,0.5658624,0.1371136,0.0442368
240,"[18, 21, 25, 27]",0.7165224611759186,40,3,18,48,2,21,56,2,25,56,4,27,1.8470784,0.9469952,0.3610624,0.125184,0.059136
534,"[21, 26, 7, 34]",0.7165675342082978,48,2,21,56,3,26,16,4,7,72,3,34,1.9251072,0.753664,0.6742016,0.102656,0.0398848
4,"[22, 1, 28, 51]",0.716574615240097,48,3,22,8,2,1,64,1,28,104,4,51,2.0441344,1.26976,0.2635776,0.0086528,0.1474432
47,"[36, 49, 41, 25]",0.7169402539730072,80,1,36,104,2,49,88,2,41,56,2,25,2.6771584,0.3162112,1.485824,0.4501504,0.070272
92,"[17, 27, 37, 33]",0.7170007228851318,40,2,17,56,4,27,80,2,37,72,2,33,1.972096,0.5824512,0.7622656,0.2028032,0.0698752
848,"[10, 43, 57, 7]",0.7170636177062988,24,3,10,88,4,43,120,2,57,16,4,7,2.7689472,0.458752,1.3869056,0.4682752,0.1003136
425,"[32, 31, 46, 54]",0.7170758068561554,72,1,32,64,4,31,96,3,46,112,3,54,2.5654144,0.2965504,1.3518848,0.3997696,0.1625088
940,"[29, 10, 29, 38]",0.7171303749084472,64,2,29,24,3,10,64,2,29,80,3,38,2.2428544,1.1747328,0.5484544,0.0853504,0.079616
7,"[29, 6, 31, 55]",0.7171957135200501,64,2,29,16,3,6,64,4,31,112,4,55,2.3776384,1.1747328,0.4972544,0.1856512,0.1652992
95,"[29, 11, 8, 5]",0.7172920227050781,64,2,29,24,4,11,24,1,8,16,2,5,2.1398528,1.1747328,0.5834752,0.0210432,0.0059008
691,"[17, 19, 43, 22]",0.7172996640205384,40,2,17,40,4,19,88,4,43,48,3,22,1.8899712,0.5824512,0.495616,0.3828736,0.0743296
862,"[25, 44, 37, 37]",0.717384147644043,56,2,25,96,1,44,80,2,37,80,2,37,2.2533504,0.9510912,0.4913152,0.3812352,0.075008
309,"[17, 30, 44, 17]",0.7174108505249024,40,2,17,64,3,30,96,1,44,40,2,17,1.8632704,0.5824512,0.7006208,0.1527808,0.0727168
924,"[13, 46, 42, 42]",0.7176817953586578,32,2,13,96,3,46,88,3,42,88,3,42,2.6155008,0.4374528,1.1984896,0.508416,0.1164416
628,"[23, 21, 7, 49]",0.7177008748054504,48,4,23,48,2,21,16,4,7,104,2,49,2.7074304,1.785856,0.4448256,0.0800768,0.0419712
717,"[16, 47, 32, 35]",0.7178315818309784,40,1,16,96,4,47,72,1,32,72,4,35,2.7312512,0.2179072,1.7729536,0.2893824,0.0963072
958,"[15, 41, 29, 57]",0.717836731672287,32,4,15,88,2,41,64,2,29,120,2,57,2.2771968,0.9158656,0.6191104,0.298752,0.088768
573,"[29, 15, 52, 1]",0.7178862571716309,64,2,29,32,4,15,112,1,52,8,2,1,2.3424768,1.1747328,0.6725632,0.0567296,0.0837504
177,"[19, 21, 50, 59]",0.7186360895633698,40,4,19,48,2,21,104,3,50,120,4,59,2.6508416,1.3115392,0.3610624,0.3878912,0.235648
2,"[28, 31, 29, 17]",0.7186986804008484,64,1,28,64,4,31,64,2,29,40,2,17,2.088704,0.2768896,1.2255232,0.1941504,0.03744
849,"[14, 24, 58, 45]",0.7187590718269348,32,3,14,56,1,24,120,3,58,96,2,45,1.86048,0.6766592,0.1695744,0.5151232,0.1444224
399,"[22, 10, 50, 11]",0.718881219625473,48,3,22,24,3,10,104,3,50,24,4,11,2.3837824,1.26976,0.3514368,0.3262976,0.0815872
549,"[29, 10, 16, 6]",0.7191907227039337,64,2,29,24,3,10,40,1,16,16,3,6,2.116352,1.1747328,0.5484544,0.02432,0.014144
961,"[36, 49, 37, 5]",0.7192024707794189,80,1,36,104,2,49,80,2,37,16,2,5,2.6289024,0.3162112,1.485824,0.426752,0.0454144
100,"[23, 1, 35, 37]",0.7192265689373016,48,4,23,8,2,1,72,4,35,80,2,37,2.6912,1.785856,0.2635776,0.2209792,0.0660864
34,"[29, 30, 32, 40]",0.7194434762001037,64,2,29,64,3,30,72,1,32,88,1,40,2.717696,1.1747328,1.0010624,0.1417216,0.0454784
884,"[22, 6, 32, 15]",0.7195668458938599,48,3,22,16,3,6,72,1,32,32,4,15,1.996032,1.26976,0.3035136,0.0185344,0.0495232
962,"[18, 34, 38, 9]",0.7196013271808624,40,3,18,72,3,34,80,3,38,24,2,9,2.5257984,0.9469952,0.8255488,0.3508736,0.04768
42,"[13, 38, 37, 35]",0.7196107566356659,32,2,13,80,3,38,80,2,37,72,4,35,2.0836864,0.4374528,0.8863744,0.300032,0.1051264
786,"[11, 35, 40, 14]",0.7198796153068543,24,4,11,72,4,35,88,1,40,32,3,14,2.168192,0.5988352,0.9695232,0.1819136,0.0632192
576,"[18, 26, 40, 49]",0.71992347240448,40,3,18,56,3,26,88,1,40,104,2,49,2.11296,0.9469952,0.5888,0.119552,0.102912
842,"[21, 33, 43, 0]",0.7199541687965393,48,2,21,72,2,33,88,4,43,8,1,0,2.2871296,0.753664,0.6322176,0.4944896,0.0520576
346,"[17, 46, 5, 27]",0.7199712932109833,40,2,17,96,3,46,16,2,5,56,4,27,2.5089792,0.5824512,1.278976,0.2563072,0.036544
571,"[13, 53, 29, 41]",0.7199919879436493,32,2,13,112,2,53,64,2,29,88,2,41,2.183296,0.4374528,0.894976,0.4328448,0.0633216
524,"[26, 5, 44, 59]",0.7200608313083648,56,3,26,16,2,5,96,1,44,120,4,59,2.6226688,1.6449536,0.3770368,0.0222208,0.2237568
891,"[14, 35, 7, 38]",0.720191603899002,32,3,14,72,4,35,16,4,7,80,3,38,2.2691968,0.6766592,1.0319872,0.1576448,0.0482048
201,"[25, 22, 0, 31]",0.7202920734882354,56,2,25,48,3,22,8,1,0,64,4,31,2.085376,0.9510912,0.67072,0.0646144,0.0442496
537,"[15, 26, 59, 51]",0.7204549312591553,32,4,15,56,3,26,120,4,59,104,4,51,2.7169408,0.9158656,0.5165056,0.7063552,0.2235136
400,"[13, 57, 16, 53]",0.7206750929355621,32,2,13,120,2,57,40,1,16,112,2,53,2.2616832,0.4374528,1.0000384,0.40832,0.0611712
800,"[25, 40, 49, 25]",0.7208411931991577,56,2,25,88,1,40,104,2,49,56,2,25,2.2872448,0.9510912,0.478208,0.411648,0.0915968
108,"[17, 29, 39, 44]",0.7208935916423798,40,2,17,64,2,29,80,4,39,96,1,44,1.8739328,0.5824512,0.47616,0.404992,0.0556288
874,"[14, 22, 47, 18]",0.7209108173847198,32,3,14,48,3,22,96,4,47,40,3,18,1.99584,0.6766592,0.4194304,0.4666368,0.0784128
44,"[14, 41, 26, 35]",0.720962005853653,32,3,14,88,2,41,56,3,26,72,4,35,2.0560512,0.6766592,0.6191104,0.3244544,0.0811264
854,"[28, 42, 1, 47]",0.7211477220058441,64,1,28,88,3,42,8,2,1,96,4,47,2.3666176,0.2768896,1.4299136,0.2095104,0.0956032
217,"[19, 40, 51, 2]",0.7213001608848572,40,4,19,88,1,40,104,4,51,8,3,2,2.7207424,1.3115392,0.2811904,0.7005184,0.0727936
420,"[23, 1, 6, 30]",0.721486485004425,48,4,23,8,2,1,16,3,6,64,3,30,2.4486528,1.785856,0.2635776,0.0121344,0.032384
596,"[29, 11, 23, 47]",0.721511960029602,64,2,29,24,4,11,48,4,23,96,4,47,2.3522944,1.1747328,0.5834752,0.1227264,0.1166592
263,"[26, 44, 5, 38]",0.7216678559780121,56,3,26,96,1,44,16,2,5,80,3,38,2.7954816,1.6449536,0.4913152,0.2563072,0.0482048
525,"[25, 36, 39, 48]",0.7217758178710938,56,2,25,80,1,36,80,4,39,104,1,48,2.300736,0.9510912,0.4651008,0.473088,0.0567552
63,"[20, 57, 33, 13]",0.7219445645809174,48,1,20,120,2,57,72,2,33,32,2,13,2.3233024,0.237568,1.1839488,0.5050368,0.042048
992,"[11, 30, 37, 43]",0.7223242461681366,24,4,11,64,3,30,80,2,37,88,4,43,1.8839808,0.5988352,0.5658624,0.231936,0.1326464
603,"[48, 30, 29, 14]",0.7224834620952606,104,1,48,64,3,30,64,2,29,32,3,14,2.7262848,0.3751936,1.7639424,0.1941504,0.0382976
229,"[44, 34, 36, 31]",0.7227169334888458,96,1,44,72,3,34,80,1,36,64,4,31,2.7028096,0.3555328,1.7215488,0.1778176,0.0932096
40,"[22, 28, 56, 25]",0.7228165626525879,48,3,22,64,1,28,120,1,56,56,2,25,2.2432384,1.26976,0.3387392,0.16384,0.1161984
88,"[33, 17, 41, 57]",0.7228516101837158,72,2,33,40,2,17,88,2,41,120,2,57,2.7913344,1.4245888,0.7204864,0.1744896,0.1170688
553,"[19, 20, 31, 57]",0.7228820145130157,40,4,19,48,1,20,64,4,31,120,2,57,2.2400768,1.3115392,0.2320384,0.2530304,0.088768
508,"[18, 33, 46, 14]",0.7229377686977386,40,3,18,72,2,33,96,3,46,32,3,14,2.3513984,0.9469952,0.5435392,0.4329984,0.0731648
625,"[28, 38, 56, 19]",0.7229408621788025,64,1,28,80,3,38,120,1,56,40,4,19,2.2606464,0.2768896,1.273856,0.236032,0.119168
308,"[21, 29, 18, 32]",0.7229646980762482,48,2,21,64,2,29,40,3,18,72,1,32,1.8604544,0.753664,0.5632,0.172544,0.0163456
251,"[18, 19, 55, 47]",0.7229699730873108,40,3,18,40,4,19,112,4,55,96,4,47,2.5689728,0.9469952,0.495616,0.5787136,0.1929472
160,"[19, 15, 34, 43]",0.7233274102210998,40,4,19,32,4,15,72,3,34,88,4,43,2.3691392,1.3115392,0.3917824,0.1874944,0.1236224
199,"[13, 41, 47, 2]",0.7233538389205932,32,2,13,88,2,41,96,4,47,8,3,2,2.1063808,0.4374528,0.6191104,0.6327808,0.062336
515,"[28, 30, 53, 47]",0.7236061811447143,64,1,28,64,3,30,112,2,53,96,4,47,2.152768,0.2768896,1.0010624,0.327168,0.1929472
822,"[15, 26, 35, 14]",0.7236328780651092,32,4,15,56,3,26,72,4,35,32,3,14,2.1573632,0.9158656,0.5165056,0.3245056,0.0457856
987,"[22, 6, 14, 2]",0.7236843824386596,48,3,22,16,3,6,32,3,14,8,3,2,1.978432,1.26976,0.3035136,0.0422912,0.0081664
588,"[23, 10, 21, 59]",0.723722118139267,48,4,23,24,3,10,48,2,21,120,4,59,2.7198208,1.785856,0.3514368,0.0582144,0.1696128
726,"[25, 56, 23, 46]",0.7237227559089661,56,2,25,120,1,56,48,4,23,96,3,46,2.433856,0.9510912,0.5306368,0.5116416,0.0857856
933,"[29, 12, 54, 15]",0.7237676680088043,64,2,29,32,1,12,112,3,54,32,4,15,2.5126016,1.1747328,0.4931584,0.3907584,0.0992512
338,"[25, 22, 35, 10]",0.7238459289073944,56,2,25,48,3,22,72,4,35,24,3,10,2.3172352,0.9510912,0.67072,0.2990592,0.041664
175,"[29, 32, 29, 3]",0.7238479673862457,64,2,29,72,1,32,64,2,29,8,4,3,2.3510784,1.1747328,0.5668864,0.2257408,0.0290176
816,"[13, 39, 3, 39]",0.724124675989151,32,2,13,80,4,39,8,4,3,80,4,39,2.2689024,0.4374528,1.2324864,0.1767936,0.0674688
295,"[56, 17, 36, 7]",0.7242256462574005,120,1,56,40,2,17,80,1,36,16,4,7,2.6089856,0.4145152,1.724416,0.06784,0.0475136
585,"[44, 52, 33, 26]",0.7244844257831573,96,1,44,112,1,52,72,2,33,56,3,26,2.4907008,0.3555328,1.2640256,0.453376,0.0630656
214,"[23, 13, 5, 34]",0.724596905708313,48,4,23,32,2,13,16,2,5,72,3,34,2.5694592,1.785856,0.3526656,0.036352,0.0398848
704,"[15, 46, 12, 22]",0.7246534705162049,32,4,15,96,3,46,32,1,12,48,3,22,2.7580288,0.9158656,1.1984896,0.2627584,0.0262144
123,"[18, 25, 12, 50]",0.7247291028499603,40,3,18,56,2,25,32,1,12,104,3,50,1.8995328,0.9469952,0.4153344,0.0966144,0.085888
431,"[25, 11, 9, 35]",0.7247954487800599,56,2,25,24,4,11,24,2,9,72,4,35,1.8745984,0.9510912,0.4784128,0.0297984,0.0605952
885,"[32, 49, 38, 38]",0.7248937368392945,72,1,32,104,2,49,80,3,38,80,3,38,2.5993344,0.2965504,1.3381632,0.51328,0.09664
325,"[19, 27, 18, 55]",0.7249263405799866,40,4,19,56,4,27,40,3,18,112,4,55,2.7186432,1.3115392,0.7622656,0.1454592,0.1446784
21,"[15, 33, 34, 13]",0.7249650359153748,32,4,15,72,2,33,72,3,34,32,2,13,2.0953088,0.9158656,0.467968,0.3147264,0.042048
245,"[48, 30, 4, 14]",0.7251107096672058,104,1,48,64,3,30,16,1,4,32,3,14,2.6203264,0.3751936,1.7639424,0.1159168,0.0105728
413,"[11, 49, 34, 57]",0.7251117706298829,24,4,11,104,2,49,72,3,34,120,2,57,2.2538624,0.5988352,0.7274496,0.4754944,0.0973824
341,"[25, 13, 26, 53]",0.725179785490036,56,2,25,32,2,13,56,3,26,112,2,53,1.9552768,0.9510912,0.4462592,0.1291264,0.0740992
517,"[36, 35, 32, 55]",0.725439327955246,80,1,36,72,4,35,72,1,32,112,4,55,2.7004672,0.3162112,1.6820224,0.1737216,0.1738112
219,"[28, 26, 51, 42]",0.7254814147949219,64,1,28,56,3,26,104,4,51,88,3,42,2.2139136,0.2768896,0.8843264,0.5594112,0.1385856
373,"[14, 50, 8, 13]",0.7257241606712341,32,3,14,104,3,50,24,1,8,32,2,13,2.7150592,0.6766592,1.374208,0.3000832,0.009408
561,"[40, 34, 15, 14]",0.725817859172821,88,1,40,72,3,34,32,4,15,32,3,14,2.4594304,0.335872,1.5542272,0.1980928,0.0165376
907,"[13, 46, 12, 25]",0.7258441150188446,32,2,13,96,3,46,32,1,12,56,2,25,2.2748416,0.4374528,1.1984896,0.2627584,0.02144
130,"[25, 34, 23, 22]",0.7258492827415466,56,2,25,72,3,34,48,4,23,48,3,22,2.615872,0.9510912,1.0160128,0.2582016,0.0358656
446,"[11, 43, 13, 43]",0.7258915305137634,24,4,11,88,4,43,32,2,13,88,4,43,2.6691584,0.5988352,1.3869056,0.2379264,0.0907904
823,"[14, 41, 37, 19]",0.7259201586246491,32,3,14,88,2,41,80,2,37,40,4,19,2.0542976,0.6766592,0.6191104,0.3389952,0.064832
461,"[16, 42, 6, 42]",0.7262016296386719,40,1,16,88,3,42,16,3,6,88,3,42,1.9662208,0.2179072,1.1147264,0.2215424,0.057344
432,"[20, 42, 29, 40]",0.726378220319748,48,1,20,88,3,42,64,2,29,88,1,40,2.134976,0.237568,1.2066816,0.298752,0.0372736
436,"[26, 12, 2, 29]",0.7263814330101013,56,3,26,32,1,12,8,3,2,64,2,29,2.4349696,1.6449536,0.3864576,0.0326656,0.016192
302,"[36, 29, 37, 9]",0.7263828873634338,80,1,36,64,2,29,80,2,37,24,2,9,1.99296,0.3162112,1.042432,0.231936,0.04768
928,"[15, 30, 12, 21]",0.7264671802520752,32,4,15,64,3,30,32,1,12,48,2,21,2.0386944,0.9158656,0.626688,0.1232896,0.0181504
997,"[23, 14, 23, 15]",0.7265907049179077,48,4,23,32,3,14,48,4,23,32,4,15,2.7196544,1.785856,0.4124672,0.1371136,0.0295168
156,"[14, 53, 16, 25]",0.7266045331954956,32,3,14,112,2,53,40,1,16,56,2,25,2.310592,0.6766592,0.894976,0.3582976,0.0259584
801,"[20, 50, 20, 43]",0.7266306400299072,48,1,20,104,3,50,48,1,20,88,4,43,2.5625856,0.237568,1.5515648,0.3172864,0.1014656
810,"[48, 27, 14, 56]",0.7267297089099884,104,1,48,56,4,27,32,3,14,120,1,56,2.683584,0.3751936,1.81248,0.1265152,0.0146944
530,"[29, 48, 44, 9]",0.7268441915512085,64,2,29,104,1,48,96,1,44,24,2,9,2.5735424,1.1747328,0.6258688,0.3516928,0.0665472
292,"[18, 23, 2, 2]",0.7268941760063171,40,3,18,48,4,23,8,3,2,8,3,2,1.9893504,0.9469952,0.6191104,0.0671744,0.0013696
407,"[17, 34, 58, 58]",0.7268976747989655,40,2,17,72,3,34,120,3,58,120,3,58,2.5575424,0.5824512,0.8255488,0.5807616,0.21408
999,"[29, 40, 22, 34]",0.726919424533844,64,2,29,88,1,40,48,3,22,72,3,34,2.4802688,1.1747328,0.5963776,0.2973184,0.0571392
132,"[36, 42, 34, 52]",0.7269539654254913,80,1,36,88,3,42,72,3,34,112,1,52,2.8135936,0.3162112,1.7055744,0.3885568,0.0485504
744,"[21, 52, 16, 25]",0.7269753694534302,48,2,21,112,1,52,40,1,16,56,2,25,1.9001728,0.753664,0.407552,0.3582976,0.0259584
290,"[14, 41, 28, 17]",0.7270980060100556,32,3,14,88,2,41,64,1,28,40,2,17,1.9305472,0.6766592,0.6191104,0.2426368,0.03744
805,"[13, 34, 50, 30]",0.7271452069282531,32,2,13,72,3,34,104,3,50,64,3,30,2.1313536,0.4374528,0.7499776,0.478976,0.1102464
112,"[28, 38, 0, 41]",0.7273070514202118,64,1,28,80,3,38,8,1,0,88,2,41,2.1072256,0.2768896,1.273856,0.1729536,0.0288256
547,"[26, 13, 33, 8]",0.7274679124355317,56,3,26,32,2,13,72,2,33,24,1,8,2.600192,1.6449536,0.4462592,0.116992,0.0372864
622,"[14, 57, 40, 30]",0.727557760477066,32,3,14,120,2,57,88,1,40,64,3,30,2.5677568,0.6766592,1.0000384,0.4476416,0.0887168
788,"[14, 1, 59, 21]",0.7276036024093628,32,3,14,8,2,1,120,4,59,48,2,21,1.856768,0.6766592,0.1255424,0.5880832,0.1117824
851,"[29, 29, 25, 20]",0.727654492855072,64,2,29,64,2,29,56,2,25,48,1,20,2.5095424,1.1747328,0.7766016,0.1777152,0.025792
243,"[56, 17, 3, 47]",0.7279632925987244,120,1,56,40,2,17,8,4,3,96,4,47,2.6387968,0.4145152,1.724416,0.0495616,0.0956032
529,"[20, 57, 57, 53]",0.7282651662826538,48,1,20,120,2,57,120,2,57,112,2,53,2.5998848,0.237568,1.1839488,0.665088,0.1585792
569,"[18, 41, 36, 57]",0.7282790064811706,40,3,18,88,2,41,80,1,36,120,2,57,2.3589376,0.9469952,0.6979584,0.2524672,0.106816
183,"[22, 56, 5, 1]",0.7286092102527618,48,3,22,120,1,56,16,2,5,8,2,1,2.4388352,1.26976,0.4190208,0.3928576,0.002496
802,"[48, 37, 6, 35]",0.7286640048027039,104,1,48,80,2,37,16,3,6,72,4,35,2.6802688,0.3751936,1.707008,0.185856,0.0575104
767,"[20, 47, 32, 40]",0.7286837100982666,48,1,20,96,4,47,72,1,32,88,1,40,2.7936768,0.237568,1.8665472,0.2893824,0.0454784
831,"[17, 31, 22, 6]",0.7289034187793731,40,2,17,64,4,31,48,3,22,16,3,6,2.0763776,0.5824512,0.9250816,0.1951744,0.0189696
784,"[17, 33, 51, 3]",0.7290643095970154,40,2,17,72,2,33,104,4,51,8,4,3,2.177216,0.5824512,0.5435392,0.6234112,0.0731136
261,"[48, 19, 15, 1]",0.729109787940979,104,1,48,40,4,19,32,4,15,8,2,1,2.3553024,0.3751936,1.519616,0.0979456,0.0078464
799,"[23, 20, 44, 3]",0.7291949808597564,48,4,23,48,1,20,96,1,44,8,4,3,2.615168,1.785856,0.3158016,0.0961536,0.062656
280,"[19, 34, 15, 34]",0.7293540358543396,40,4,19,72,3,34,32,4,15,72,3,34,2.7367552,1.3115392,0.8255488,0.1980928,0.0468736
990,"[29, 19, 2, 28]",0.7293890178203583,64,2,29,40,4,19,8,3,2,64,1,28,2.3611904,1.1747328,0.781312,0.0482816,0.0021632
381,"[11, 42, 44, 22]",0.7294903755187988,24,4,11,88,3,42,96,1,44,48,3,22,2.2704512,0.5988352,0.9701376,0.2622976,0.08448
438,"[29, 11, 27, 56]",0.7295537769794465,64,2,29,24,4,11,56,4,27,120,1,56,2.3037696,1.1747328,0.5834752,0.157696,0.0331648
353,"[10, 49, 43, 7]",0.7295999884605407,24,3,10,104,2,49,88,4,43,16,4,7,2.255872,0.458752,0.7274496,0.6585344,0.0564352
861,"[18, 22, 58, 59]",0.7296509921550751,40,3,18,48,3,22,120,3,58,120,4,59,2.5408896,0.9469952,0.4900864,0.4872192,0.261888
617,"[33, 20, 28, 26]",0.7296755611896515,72,2,33,48,1,20,64,1,28,56,3,26,2.5649792,1.4245888,0.6457344,0.0846848,0.0552704
929,"[18, 31, 29, 0]",0.7296808242797852,40,3,18,64,4,31,64,2,29,8,1,0,2.4489856,0.9469952,0.9250816,0.1941504,0.0280576
981,"[21, 10, 47, 11]",0.7298904120922088,48,2,21,24,3,10,96,4,47,24,4,11,1.9369984,0.753664,0.3514368,0.406272,0.0709248
124,"[22, 7, 25, 53]",0.7299234688282012,48,3,22,16,4,7,56,2,25,112,2,53,2.0783104,1.26976,0.3203072,0.0594432,0.0740992
757,"[40, 34, 49, 57]",0.729975038766861,88,1,40,72,3,34,104,2,49,120,2,57,2.7193728,0.335872,1.5542272,0.3345408,0.140032
712,"[40, 29, 41, 4]",0.7300406217575073,88,1,40,64,2,29,88,2,41,16,1,4,2.1921536,0.335872,1.195008,0.2532864,0.0532864
494,"[36, 38, 30, 47]",0.7300481796264648,80,1,36,80,3,38,64,3,30,96,4,47,2.6646912,0.3162112,1.54624,0.3167232,0.130816
548,"[40, 44, 41, 46]",0.7301761984825135,88,1,40,96,1,44,88,2,41,96,3,46,2.2713088,0.335872,1.0491904,0.404224,0.1273216
566,"[32, 35, 53, 14]",0.7302533209323883,72,1,32,72,4,35,112,2,53,32,3,14,2.648896,0.2965504,1.5409152,0.361216,0.0955136
32,"[19, 32, 35, 13]",0.730563223361969,40,4,19,72,1,32,72,4,35,32,2,13,2.3550464,1.3115392,0.2615296,0.3852288,0.042048
749,"[24, 34, 44, 39]",0.7306208431720733,56,1,24,72,3,34,96,1,44,80,4,39,1.9525248,0.2572288,1.0160128,0.1860096,0.1385728
519,"[10, 50, 45, 59]",0.7306324660778045,24,3,10,104,3,50,96,2,45,120,4,59,2.8175872,0.458752,1.3051904,0.4751872,0.2237568
620,"[21, 36, 42, 16]",0.7307872593402862,48,2,21,80,1,36,88,3,42,40,1,16,1.953408,0.753664,0.3616768,0.4263936,0.0569728
10,"[10, 27, 46, 7]",0.7307957589626313,24,3,10,56,4,27,96,3,46,16,4,7,1.8802304,0.458752,0.630784,0.3698176,0.066176
319,"[25, 21, 0, 47]",0.7308168768882751,56,2,25,48,2,21,8,1,0,96,4,47,2.0077056,0.9510912,0.541696,0.0646144,0.0956032
389,"[22, 52, 2, 59]",0.7308237135410309,48,3,22,112,1,52,8,3,2,120,4,59,2.5153152,1.26976,0.407552,0.3362816,0.1470208
843,"[18, 37, 20, 14]",0.7308477938175202,40,3,18,80,2,37,48,1,20,32,3,14,2.1404288,0.9469952,0.617472,0.1954816,0.0257792
756,"[15, 25, 33, 29]",0.7309384346008301,32,4,15,56,2,25,72,2,33,64,2,29,1.8535424,0.9158656,0.34304,0.1835008,0.0564352
30,"[19, 24, 13, 19]",0.7310011506080627,40,4,19,56,1,24,32,2,13,40,4,19,2.046336,1.3115392,0.2418688,0.1115648,0.0266624
631,"[33, 28, 5, 26]",0.7311149775981903,72,2,33,64,1,28,16,2,5,56,3,26,2.6036096,1.4245888,0.6785024,0.1201152,0.0257024
605,"[11, 53, 30, 51]",0.7311466932296753,24,4,11,112,2,53,64,3,30,104,4,51,2.4142592,0.5988352,0.82432,0.48896,0.1474432
164,"[32, 57, 26, 1]",0.7312770068645478,72,1,32,120,2,57,56,3,26,8,2,1,2.7395456,0.2965504,1.5581184,0.50816,0.022016
590,"[40, 38, 15, 34]",0.7313221991062164,88,1,40,80,3,38,32,4,15,72,3,34,2.6708608,0.335872,1.7020928,0.2313216,0.0468736
964,"[23, 18, 11, 34]",0.7314573168754578,48,4,23,40,3,18,24,4,11,72,3,34,2.7470336,1.785856,0.4866048,0.0769024,0.0429696
565,"[13, 39, 36, 13]",0.7315001249313354,32,2,13,80,4,39,80,1,36,32,2,13,2.2884992,0.4374528,1.2324864,0.213504,0.0503552
947,"[11, 56, 57, 46]",0.7315950036048889,24,4,11,120,1,56,120,2,57,96,3,46,1.956736,0.5988352,0.162816,0.665088,0.175296
441,"[36, 42, 14, 24]",0.7316453993320465,80,1,36,88,3,42,32,3,14,56,1,24,2.6399616,0.3162112,1.7055744,0.2528768,0.0105984
315,"[21, 46, 9, 32]",0.7319635927677155,48,2,21,96,3,46,24,2,9,72,1,32,2.7548416,0.753664,1.3725696,0.2661888,0.0077184
690,"[32, 31, 10, 6]",0.7320910632610321,72,1,32,64,4,31,24,3,10,16,3,6,2.1472,0.2965504,1.3518848,0.1371136,0.0069504
755,"[17, 46, 14, 17]",0.7321788489818573,40,2,17,96,3,46,32,3,14,40,2,17,2.5240576,0.5824512,1.278976,0.2926592,0.0152704
147,"[25, 56, 9, 45]",0.7321977913379669,56,2,25,120,1,56,24,2,9,96,2,45,2.2802176,0.9510912,0.5306368,0.403968,0.0398208
600,"[15, 22, 19, 54]",0.7323129415512085,32,4,15,48,3,22,40,4,19,112,3,54,1.9373568,0.9158656,0.4194304,0.1444352,0.1029248
497,"[25, 25, 10, 11]",0.7323191881179809,56,2,25,56,2,25,24,3,10,24,4,11,2.027712,0.9510912,0.5992448,0.110848,0.0118272
421,"[16, 35, 7, 55]",0.7324883222579956,40,1,16,72,4,35,16,4,7,112,4,55,1.9692416,0.2179072,1.1075584,0.1576448,0.1314304
264,"[36, 49, 21, 4]",0.7325354516506195,80,1,36,104,2,49,48,2,21,16,1,4,2.5231488,0.3162112,1.485824,0.3495424,0.0168704
969,"[12, 43, 48, 43]",0.7326151192188263,32,1,12,88,4,43,104,1,48,88,4,43,2.43744,0.1982464,1.4526464,0.2672128,0.1646336
193,"[11, 53, 32, 27]",0.7326352417469024,24,4,11,112,2,53,72,1,32,56,4,27,2.2346368,0.5988352,0.82432,0.3828736,0.0739072
826,"[28, 57, 6, 26]",0.7328327596187592,64,1,28,120,2,57,16,3,6,56,3,26,2.4746368,0.2768896,1.420288,0.397056,0.0257024
853,"[29, 23, 18, 9]",0.7329417943954468,64,2,29,48,4,23,40,3,18,24,2,9,2.5756544,1.1747328,0.9097216,0.1216512,0.014848
33,"[10, 40, 55, 43]",0.733193427324295,24,3,10,88,1,40,112,4,55,88,4,43,1.90016,0.458752,0.1366016,0.7731712,0.1769344
567,"[16, 47, 9, 5]",0.7332606494426728,40,1,16,96,4,47,24,2,9,16,2,5,2.6176512,0.2179072,1.7729536,0.2661888,0.0059008
857,"[26, 8, 18, 53]",0.7333496034145355,56,3,26,24,1,8,40,3,18,112,2,53,2.504064,1.6449536,0.3733504,0.069888,0.0611712
684,"[13, 47, 5, 33]",0.7334869861602783,32,2,13,96,4,47,16,2,5,72,2,33,2.7631872,0.4374528,1.6924672,0.2563072,0.0222592
323,"[11, 41, 41, 17]",0.7338138878345489,24,4,11,88,2,41,88,2,41,40,2,17,1.9311488,0.5988352,0.5533696,0.3615744,0.0626688
910,"[25, 49, 23, 20]",0.7339071929454803,56,2,25,104,2,49,48,4,23,48,1,20,2.8217472,0.9510912,1.0821632,0.4140544,0.0197376
895,"[17, 46, 18, 54]",0.7339808940887451,40,2,17,96,3,46,40,3,18,112,3,54,2.632704,0.5824512,1.278976,0.3136512,0.1029248
138,"[29, 0, 14, 35]",0.7341365039348602,64,2,29,8,1,0,32,3,14,72,4,35,2.0781312,1.1747328,0.4489216,0.0352768,0.0644992
581,"[23, 1, 22, 38]",0.7341671466827393,48,4,23,8,2,1,48,3,22,80,3,38,2.5415296,1.785856,0.2635776,0.0715264,0.0658688
698,"[20, 46, 28, 33]",0.7343207836151123,48,1,20,96,3,46,64,1,28,72,2,33,2.301952,0.237568,1.3725696,0.2840576,0.053056
627,"[28, 23, 41, 58]",0.7345760881900787,64,1,28,48,4,23,88,2,41,120,3,58,1.9036672,0.2768896,0.9097216,0.1974784,0.1648768
779,"[25, 22, 15, 10]",0.7346296072006225,56,2,25,48,3,22,32,4,15,24,3,10,2.1075072,0.9510912,0.67072,0.1180672,0.012928
973,"[10, 49, 30, 55]",0.7347406446933746,24,3,10,104,2,49,64,3,30,112,4,55,2.1471872,0.458752,0.7274496,0.4409856,0.1652992
680,"[33, 7, 5, 33]",0.7347521305084228,72,2,33,16,4,7,16,2,5,72,2,33,2.4462592,1.4245888,0.6305792,0.0141312,0.0222592
612,"[21, 10, 49, 55]",0.735090833902359,48,2,21,24,3,10,104,2,49,112,4,55,1.8577152,0.753664,0.3514368,0.1818624,0.2160512
694,"[44, 37, 16, 22]",0.7351489782333374,96,1,44,80,2,37,40,1,16,48,3,22,2.4567808,0.3555328,1.5249408,0.190976,0.0306304
988,"[25, 24, 27, 14]",0.7353631913661957,56,2,25,56,1,24,56,4,27,32,3,14,1.999744,0.9510912,0.4257792,0.236544,0.0316288
442,"[26, 2, 14, 19]",0.7353779435157776,56,3,26,8,3,2,32,3,14,40,4,19,2.4189696,1.6449536,0.357376,0.0352768,0.0266624
686,"[19, 28, 31, 34]",0.7353919386863709,40,4,19,64,1,28,64,4,31,72,3,34,2.2950016,1.3115392,0.2516992,0.3063808,0.0706816
22,"[44, 17, 39, 51]",0.7354129552841187,96,1,44,40,2,17,80,4,39,104,4,51,2.366208,0.3555328,1.1634688,0.327424,0.1650816
516,"[33, 16, 32, 39]",0.735673987865448,72,2,33,40,1,16,72,1,32,80,4,39,2.5833728,1.4245888,0.6293504,0.0653824,0.1093504
763,"[14, 46, 7, 37]",0.7357886850833892,32,3,14,96,3,46,16,4,7,80,2,37,2.5211264,0.6766592,1.1984896,0.264704,0.0265728
896,"[15, 52, 32, 38]",0.7358611762523651,32,4,15,112,1,52,72,1,32,80,3,38,1.9680768,0.9158656,0.2269184,0.3828736,0.0877184
79,"[48, 19, 16, 59]",0.7364715933799744,104,1,48,40,4,19,40,1,16,120,4,59,2.4685184,0.3751936,1.519616,0.055552,0.163456
845,"[48, 22, 7, 21]",0.7364772737026215,104,1,48,48,3,22,16,4,7,48,2,21,2.3489408,0.3751936,1.5271936,0.0800768,0.011776
650,"[17, 45, 44, 34]",0.736631590127945,40,2,17,96,2,45,96,1,44,72,3,34,2.135104,0.5824512,0.7849984,0.3053568,0.1075968
64,"[48, 22, 33, 25]",0.7366945624351502,104,1,48,48,3,22,72,2,33,56,2,25,2.4673664,0.3751936,1.5271936,0.1580544,0.052224
509,"[16, 42, 57, 32]",0.7367788076400756,40,1,16,88,3,42,120,2,57,72,1,32,2.2642432,0.2179072,1.1147264,0.4682752,0.1086336
179,"[20, 50, 57, 48]",0.7368606746196746,48,1,20,104,3,50,120,2,57,104,1,48,2.8191488,0.237568,1.5515648,0.560128,0.1151872
794,"[19, 4, 49, 43]",0.736904501914978,40,4,19,16,1,4,104,2,49,88,4,43,2.1914752,1.3115392,0.1927168,0.1678848,0.1646336
335,"[19, 21, 35, 34]",0.7369250655174255,40,4,19,48,2,21,72,4,35,72,3,34,2.4050432,1.3115392,0.3610624,0.2990592,0.0786816
411,"[19, 3, 14, 46]",0.7370680391788482,40,4,19,8,4,3,32,3,14,96,3,46,1.9746688,1.3115392,0.1982464,0.0352768,0.0749056
224,"[16, 50, 4, 7]",0.7371393442153931,40,1,16,104,3,50,16,1,4,16,4,7,2.3289216,0.2179072,1.4563328,0.2943488,0.005632
870,"[19, 41, 48, 37]",0.7371606945991516,40,4,19,88,2,41,104,1,48,80,2,37,2.7380992,1.3115392,0.6979584,0.2672128,0.106688
332,"[25, 17, 38, 32]",0.7371720731258392,56,2,25,40,2,17,80,3,38,72,1,32,2.0896384,0.9510912,0.4907008,0.240896,0.0522496
81,"[19, 11, 59, 45]",0.7371800661087036,40,4,19,24,4,11,120,4,59,96,2,45,2.732672,1.3115392,0.3076096,0.6144,0.1444224
385,"[14, 39, 31, 36]",0.7375595331192016,32,3,14,80,4,39,64,4,31,80,1,36,2.6730368,0.6766592,1.2324864,0.3728384,0.036352
880,"[15, 57, 19, 16]",0.7375744223594666,32,4,15,120,2,57,40,4,19,40,1,16,2.7611648,0.9158656,1.0000384,0.476672,0.013888
368,"[23, 6, 37, 33]",0.7376457512378692,48,4,23,16,3,6,80,2,37,72,2,33,2.6202368,1.785856,0.3035136,0.1062912,0.0698752
510,"[22, 7, 41, 0]",0.7376621484756469,48,3,22,16,4,7,88,2,41,8,1,0,2.1220096,1.26976,0.3203072,0.125184,0.0520576
192,"[15, 33, 36, 34]",0.7376939296722412,32,4,15,72,2,33,80,1,36,72,3,34,2.0038528,0.9158656,0.467968,0.1778176,0.0875008
379,"[28, 21, 55, 43]",0.7377160608768463,64,1,28,48,2,21,112,4,55,88,4,43,2.0631296,0.2768896,0.6516736,0.6029312,0.1769344
978,"[19, 15, 12, 53]",0.7377398073673248,40,4,19,32,4,15,32,1,12,112,2,53,2.150208,1.3115392,0.3917824,0.0362496,0.055936
984,"[11, 39, 56, 13]",0.7377954661846161,24,4,11,80,4,39,120,1,56,32,2,13,2.4621312,0.5988352,1.168384,0.236032,0.1041792
855,"[29, 22, 44, 48]",0.7378672242164612,64,2,29,48,3,22,96,1,44,104,1,48,2.4839552,1.1747328,0.7806976,0.0961536,0.0776704
46,"[15, 49, 10, 49]",0.7378726184368134,32,4,15,104,2,49,24,3,10,104,2,49,2.4300928,0.9158656,0.7964672,0.3175936,0.0454656
241,"[28, 37, 33, 31]",0.7378750503063202,64,1,28,80,2,37,72,2,33,64,4,31,1.923328,0.2768896,0.927744,0.2795008,0.0844928
109,"[19, 5, 54, 50]",0.7379170835018158,40,4,19,16,2,5,112,3,54,104,3,50,2.4085376,1.3115392,0.2095104,0.3587072,0.17408
366,"[24, 43, 14, 29]",0.7379354119300843,56,1,24,88,4,43,32,3,14,64,2,29,2.6184576,0.2572288,1.728512,0.2528768,0.0251392
444,"[44, 29, 14, 9]",0.7381436109542847,96,1,44,64,2,29,32,3,14,24,2,9,2.2348544,0.3555328,1.3606912,0.1531904,0.0107392
133,"[18, 15, 30, 34]",0.7382817566394806,40,3,18,32,4,15,64,3,30,72,3,34,1.920832,0.9469952,0.3917824,0.156672,0.0706816
894,"[25, 23, 8, 5]",0.7383110642433166,56,2,25,48,4,23,24,1,8,16,2,5,2.1817856,0.9510912,0.799744,0.0703488,0.0059008
462,"[25, 52, 11, 48]",0.7383802533149719,56,2,25,112,1,52,24,4,11,104,1,48,2.2049536,0.9510912,0.5175296,0.3722752,0.0093568
488,"[19, 22, 46, 30]",0.7384260714054107,40,4,19,48,3,22,96,3,46,64,3,30,2.5985408,1.3115392,0.4900864,0.3431424,0.099072
493,"[44, 34, 2, 46]",0.7385059356689453,96,1,44,72,3,34,8,3,2,96,3,46,2.6400256,0.3555328,1.7215488,0.1435136,0.0647296
129,"[33, 6, 38, 15]",0.7385399103164673,72,2,33,16,3,6,80,3,38,32,4,15,2.6437248,1.4245888,0.6137856,0.1928192,0.0578304
223,"[20, 49, 53, 17]",0.7385621070861816,48,1,20,104,2,49,112,2,53,40,2,17,2.1915392,0.237568,0.973824,0.530176,0.0952704
301,"[44, 27, 20, 30]",0.738582718372345,96,1,44,56,4,27,48,1,20,64,3,30,2.4979584,0.3555328,1.635328,0.103168,0.0492288
906,"[16, 38, 57, 18]",0.7386424243450165,40,1,16,80,3,38,120,2,57,40,3,18,2.076928,0.2179072,0.963584,0.427264,0.113472
538,"[11, 34, 37, 18]",0.7387895822525025,24,4,11,72,3,34,80,2,37,40,3,18,1.9645312,0.5988352,0.6875136,0.2643456,0.059136
428,"[18, 37, 41, 20]",0.7388490438461304,40,3,18,80,2,37,88,2,41,48,1,20,2.2995712,0.9469952,0.617472,0.3222016,0.0582016
610,"[24, 50, 8, 7]",0.7388950228691101,56,1,24,104,3,50,24,1,8,16,4,7,2.5799168,0.2572288,1.659904,0.3000832,0.008
135,"[19, 33, 21, 35]",0.7389137506484985,40,4,19,72,2,33,48,2,21,72,4,35,2.4782336,1.3115392,0.5435392,0.1936896,0.0747648
669,"[18, 2, 59, 42]",0.7389621078968048,40,3,18,8,3,2,120,4,59,88,3,42,2.246912,0.9469952,0.1931264,0.5880832,0.1640064
23,"[23, 11, 21, 28]",0.739011412858963,48,4,23,24,4,11,48,2,21,64,1,28,2.6064,1.785856,0.3864576,0.0582144,0.0211712
184,"[32, 42, 10, 37]",0.7390794694423676,72,1,32,88,3,42,24,3,10,80,2,37,2.4777728,0.2965504,1.5611904,0.2355712,0.02976
873,"[22, 33, 28, 4]",0.7391999185085296,48,3,22,72,2,33,64,1,28,16,1,4,2.4552832,1.26976,0.6322176,0.1696256,0.0289792
215,"[15, 22, 30, 25]",0.7392592608928681,32,4,15,48,3,22,64,3,30,56,2,25,1.9313408,0.9158656,0.4194304,0.1969152,0.0444288
203,"[32, 41, 11, 46]",0.7394801437854767,72,1,32,88,2,41,24,4,11,96,3,46,2.1106944,0.2965504,1.1444224,0.2443264,0.0706944
19,"[40, 26, 54, 50]",0.7395465254783631,88,1,40,56,3,26,112,3,54,104,3,50,2.6258816,0.335872,1.2978176,0.4634112,0.17408
835,"[56, 18, 7, 45]",0.739562314748764,120,1,56,40,3,18,16,4,7,96,2,45,2.6819712,0.4145152,1.815552,0.0607744,0.0364288
98,"[19, 40, 54, 18]",0.7396508991718292,40,4,19,88,1,40,112,3,54,40,3,18,2.6545536,1.3115392,0.2811904,0.6061568,0.1009664
776,"[19, 4, 57, 23]",0.7396714091300964,40,4,19,16,1,4,120,2,57,48,4,23,2.2040064,1.3115392,0.1927168,0.2171392,0.1279104
963,"[36, 22, 38, 15]",0.7397209346294403,80,1,36,48,3,22,80,3,38,32,4,15,2.032192,0.3162112,1.0399744,0.2634752,0.0578304
888,"[40, 48, 39, 53]",0.7398559868335723,88,1,40,104,1,48,80,4,39,112,2,53,2.4588672,0.335872,1.0688512,0.599808,0.0996352
705,"[48, 17, 19, 23]",0.7399770081043243,104,1,48,40,2,17,40,4,19,48,4,23,2.2298368,0.3751936,1.337344,0.123904,0.0386944
375,"[40, 56, 19, 43]",0.7400681257247925,88,1,40,120,1,56,40,4,19,88,4,43,2.371136,0.335872,1.1081728,0.476672,0.0957184
306,"[23, 3, 57, 6]",0.7400928795337677,48,4,23,8,4,3,120,2,57,16,3,6,2.7192576,1.785856,0.2738176,0.2056192,0.099264
162,"[29, 3, 45, 46]",0.74037464261055,64,2,29,8,4,3,96,2,45,96,3,46,2.2672256,1.1747328,0.4642816,0.135424,0.1380864
875,"[11, 45, 57, 25]",0.7404446721076965,24,4,11,96,2,45,120,2,57,56,2,25,2.2194304,0.5988352,0.6371328,0.5125632,0.1161984
36,"[32, 44, 34, 23]",0.7405727803707123,72,1,32,96,1,44,72,3,34,48,4,23,1.8902272,0.2965504,0.7440384,0.4303872,0.0645504
181,"[26, 28, 2, 10]",0.740638256072998,56,3,26,64,1,28,8,3,2,24,3,10,2.558848,1.6449536,0.4388864,0.1147904,0.0055168
527,"[32, 30, 47, 10]",0.7409489631652832,72,1,32,64,3,30,96,4,47,24,3,10,2.3706752,0.2965504,1.127424,0.523264,0.068736
522,"[17, 39, 38, 36]",0.7409730136394501,40,2,17,80,4,39,80,3,38,80,1,36,2.686784,0.5824512,1.309696,0.38656,0.053376
274,"[32, 31, 3, 40]",0.7412589490413666,72,1,32,64,4,31,8,4,3,88,1,40,2.121984,0.2965504,1.3518848,0.1160704,0.0027776
90,"[26, 7, 49, 4]",0.7412720799446106,56,3,26,16,4,7,104,2,49,16,1,4,2.6517504,1.6449536,0.410624,0.1678848,0.0735872
841,"[32, 41, 21, 17]",0.7412986874580383,72,1,32,88,2,41,48,2,21,40,2,17,2.0854528,0.2965504,1.1444224,0.2650624,0.0247168
707,"[19, 3, 46, 38]",0.7413612842559815,40,4,19,8,4,3,96,3,46,80,3,38,2.2403456,1.3115392,0.1982464,0.2589184,0.1169408
804,"[33, 6, 26, 39]",0.7416527926921844,72,2,33,16,3,6,56,3,26,80,4,39,2.5898496,1.4245888,0.6137856,0.1028096,0.0939648
414,"[36, 49, 25, 10]",0.7416809618473053,80,1,36,104,2,49,56,2,25,24,3,10,2.5508352,0.3162112,1.485824,0.3663872,0.027712
554,"[33, 32, 30, 36]",0.7417755126953125,72,2,33,72,1,32,64,3,30,80,1,36,2.792384,1.4245888,0.6948864,0.281856,0.036352
695,"[25, 9, 49, 55]",0.7418156504631043,56,2,25,24,2,9,104,2,49,112,4,55,2.1120768,0.9510912,0.4083712,0.1818624,0.2160512
311,"[23, 0, 13, 22]",0.7419063806533813,48,4,23,8,1,0,32,2,13,48,3,22,2.4455552,1.785856,0.2584576,0.0203264,0.0262144
889,"[24, 38, 15, 15]",0.741912442445755,56,1,24,80,3,38,32,4,15,32,4,15,2.0208512,0.2572288,1.1573248,0.2313216,0.0202752
473,"[15, 52, 40, 35]",0.7419168293476105,32,4,15,112,1,52,88,1,40,72,4,35,2.0074112,0.9158656,0.2269184,0.3951616,0.1147648
268,"[16, 47, 4, 4]",0.7419196128845215,40,1,16,96,4,47,16,1,4,16,1,4,2.6001536,0.2179072,1.7729536,0.2521088,0.0024832
808,"[56, 25, 13, 18]",0.7421169817447663,120,1,56,56,2,25,32,2,13,40,3,18,2.7609216,0.4145152,1.8591744,0.1115648,0.0209664
152,"[19, 23, 33, 3]",0.7421632468700409,40,4,19,48,4,23,72,2,33,8,4,3,2.4796032,1.3115392,0.6191104,0.1580544,0.0361984
674,"[32, 52, 43, 31]",0.7422033011913299,72,1,32,112,1,52,88,4,43,64,4,31,2.2385408,0.2965504,0.7768064,0.7077376,0.1027456
291,"[29, 10, 58, 17]",0.7422109603881836,64,2,29,24,3,10,120,3,58,40,2,17,2.608832,1.1747328,0.5484544,0.423168,0.107776
775,"[24, 49, 18, 59]",0.7423639059066772,56,1,24,104,2,49,40,3,18,120,4,59,2.2146688,0.2572288,1.0821632,0.35712,0.163456
545,"[44, 41, 49, 30]",0.7423845767974854,96,1,44,88,2,41,104,2,49,64,3,30,2.849024,0.3555328,1.616896,0.411648,0.1102464
157,"[21, 44, 48, 19]",0.7425164222717285,48,2,21,96,1,44,104,1,48,40,4,19,1.8986368,0.753664,0.3846144,0.3106816,0.094976
979,"[32, 53, 4, 49]",0.7425648093223571,72,1,32,112,2,53,16,1,4,104,2,49,2.477952,0.2965504,1.444864,0.3398656,0.0419712
478,"[11, 43, 1, 47]",0.7428259015083313,24,4,11,88,4,43,8,2,1,96,4,47,2.6455552,0.5988352,1.3869056,0.2095104,0.0956032
792,"[24, 31, 46, 55]",0.7428297698497772,56,1,24,64,4,31,96,3,46,112,4,55,2.3282304,0.2572288,1.1122688,0.3997696,0.2042624
649,"[10, 46, 56, 23]",0.7428336024284363,24,3,10,96,3,46,120,1,56,48,4,23,2.3938048,0.458752,1.1311104,0.3213312,0.1279104
640,"[11, 38, 1, 31]",0.7429639637470246,24,4,11,80,3,38,8,2,1,64,4,31,1.9942912,0.5988352,0.822272,0.1742336,0.0442496
119,"[44, 41, 8, 2]",0.7430290162563324,96,1,44,88,2,41,24,1,8,8,3,2,2.550272,0.3555328,1.616896,0.2180608,0.0050816
985,"[16, 53, 6, 47]",0.7430624902248383,40,1,16,112,2,53,16,3,6,96,4,47,1.9977856,0.2179072,0.9787392,0.3482624,0.098176
14,"[15, 29, 41, 8]",0.7431256651878357,32,4,15,64,2,29,88,2,41,24,1,8,1.9805952,0.9158656,0.4022272,0.2532864,0.0545152
424,"[24, 31, 55, 6]",0.7432779788970947,56,1,24,64,4,31,112,4,55,16,3,6,2.4724608,0.2572288,1.1122688,0.6611968,0.0870656
287,"[10, 43, 27, 50]",0.7436929225921631,24,3,10,88,4,43,56,4,27,104,3,50,2.6719232,0.458752,1.3869056,0.3678208,0.103744
481,"[17, 50, 7, 52]",0.7437180995941162,40,2,17,104,3,50,16,4,7,112,1,52,2.7065984,0.5824512,1.4563328,0.306944,0.0061696
271,"[17, 43, 44, 16]",0.7438382983207703,40,2,17,88,4,43,96,1,44,40,1,16,2.7979648,0.5824512,1.5314944,0.2622976,0.0670208
500,"[10, 43, 21, 19]",0.7438474833965302,24,3,10,88,4,43,48,2,21,40,4,19,2.5015296,0.458752,1.3869056,0.2650624,0.0361088
56,"[13, 35, 10, 58]",0.7439392268657684,32,2,13,72,4,35,24,3,10,120,3,58,2.0965888,0.4374528,1.0319872,0.166656,0.105792
682,"[28, 29, 39, 31]",0.744094067811966,64,1,28,64,2,29,80,4,39,64,4,31,1.9063936,0.2768896,0.7766016,0.404992,0.0932096
329,"[19, 1, 31, 3]",0.7442341566085815,40,4,19,8,2,1,64,4,31,8,4,3,2.0602624,1.3115392,0.1880064,0.1769984,0.0290176
930,"[56, 17, 4, 45]",0.7442439317703247,120,1,56,40,2,17,16,1,4,96,2,45,2.57824,0.4145152,1.724416,0.0481792,0.0364288
393,"[25, 19, 59, 52]",0.7443301856517792,56,2,25,40,4,19,120,4,59,112,1,52,2.7494144,0.9510912,0.6729728,0.653824,0.1168256
227,"[32, 41, 31, 38]",0.7444619119167328,72,1,32,88,2,41,64,4,31,80,3,38,2.286272,0.2965504,1.1444224,0.4109824,0.079616
541,"[44, 23, 40, 22]",0.7444844961166381,96,1,44,48,4,23,88,1,40,48,3,22,2.3585536,0.3555328,1.480704,0.0932864,0.0743296
205,"[33, 5, 53, 54]",0.7446447134017944,72,2,33,16,2,5,112,2,53,112,3,54,2.75488,1.4245888,0.596992,0.1916928,0.1869056
419,"[25, 1, 39, 0]",0.7447554767131805,56,2,25,8,2,1,80,4,39,8,1,0,1.9711616,0.9510912,0.352256,0.2698752,0.0432384
729,"[19, 56, 37, 48]",0.7448735475540161,40,4,19,120,1,56,80,2,37,104,1,48,2.5711232,1.3115392,0.320512,0.527616,0.0567552
731,"[33, 10, 20, 49]",0.7449834942817688,72,2,33,24,3,10,48,1,20,104,2,49,2.532736,1.4245888,0.666624,0.0259584,0.060864
892,"[24, 46, 53, 54]",0.7451061248779297,56,1,24,96,3,46,112,2,53,112,3,54,2.7611264,0.2572288,1.4792704,0.4830208,0.1869056
158,"[10, 57, 22, 21]",0.7453587353229523,24,3,10,120,2,57,48,3,22,48,2,21,2.248384,0.458752,0.927744,0.4793856,0.0278016
347,"[36, 41, 13, 10]",0.7453630149364472,80,1,36,88,2,41,32,2,13,24,3,10,2.2105728,0.3162112,1.2888064,0.2379264,0.012928
196,"[33, 9, 28, 2]",0.7454214930534363,72,2,33,24,2,9,64,1,28,8,3,2,2.4688256,1.4245888,0.6316032,0.0292352,0.0286976
326,"[21, 22, 5, 58]",0.7454409778118134,48,2,21,48,3,22,16,2,5,120,3,58,1.8559872,0.753664,0.5738496,0.07168,0.1020928
299,"[25, 22, 58, 11]",0.7455011487007142,56,2,25,48,3,22,120,3,58,24,4,11,2.5691008,0.9510912,0.67072,0.4872192,0.1053696
371,"[15, 20, 54, 1]",0.7455424547195435,32,4,15,48,1,20,112,3,54,8,2,1,1.951616,0.9158656,0.1613824,0.4359168,0.0837504
38,"[52, 23, 4, 21]",0.745774906873703,112,1,52,48,4,23,16,1,4,48,2,21,2.6736512,0.3948544,1.8448384,0.0674816,0.011776
67,"[36, 49, 22, 33]",0.7457904696464539,80,1,36,104,2,49,48,3,22,72,2,33,2.578048,0.3162112,1.485824,0.3817984,0.0395136
762,"[23, 1, 11, 11]",0.7457950949668884,48,4,23,8,2,1,24,4,11,24,4,11,2.446784,1.785856,0.2635776,0.0308224,0.0118272
941,"[11, 50, 32, 14]",0.7458799421787262,24,4,11,104,3,50,72,1,32,32,3,14,2.6390016,0.5988352,1.3051904,0.3344896,0.0457856
608,"[22, 1, 1, 15]",0.7462362408638,48,3,22,8,2,1,8,2,1,32,4,15,1.9047936,1.26976,0.2635776,0.0041984,0.0125568
506,"[11, 34, 57, 10]",0.7463154077529908,24,4,11,72,3,34,120,2,57,24,3,10,2.13376,0.5988352,0.6875136,0.3895296,0.1031808
996,"[16, 42, 35, 10]",0.7463312089443207,40,1,16,88,3,42,72,4,35,24,3,10,2.1880576,0.2179072,1.1147264,0.4590592,0.041664
134,"[44, 29, 51, 34]",0.7463817954063415,96,1,44,64,2,29,104,4,51,72,3,34,2.7795712,0.3555328,1.3606912,0.5897728,0.1188736
433,"[12, 38, 45, 50]",0.746516901254654,32,1,12,80,3,38,96,2,45,104,3,50,1.9352192,0.1982464,0.8863744,0.3460096,0.149888
11,"[44, 17, 52, 3]",0.7466283500194549,96,1,44,40,2,17,112,1,52,8,4,3,2.0357632,0.3555328,1.1634688,0.0776704,0.0843904
825,"[24, 46, 48, 22]",0.7467094004154206,56,1,24,96,3,46,104,1,48,48,3,22,2.4973312,0.2572288,1.4792704,0.3106816,0.0954496
758,"[19, 26, 12, 14]",0.7468140363693238,40,4,19,56,3,26,32,1,12,32,3,14,2.368192,1.3115392,0.5888,0.0966144,0.0165376
739,"[40, 27, 9, 45]",0.7468286275863647,88,1,40,56,4,27,24,2,9,96,2,45,2.3037696,0.335872,1.4712832,0.1020928,0.0398208
200,"[44, 17, 7, 18]",0.7469083309173584,96,1,44,40,2,17,16,4,7,40,3,18,1.9492736,0.3555328,1.1634688,0.0607744,0.0147968
619,"[16, 46, 20, 46]",0.7469117701053619,40,1,16,96,3,46,48,1,20,96,3,46,2.2107776,0.2179072,1.278976,0.273408,0.0857856
327,"[44, 14, 16, 19]",0.7470198631286621,96,1,44,32,3,14,40,1,16,40,4,19,1.950144,0.3555328,1.1706368,0.0382976,0.030976
902,"[18, 40, 48, 2]",0.7470591545104981,40,3,18,88,1,40,104,1,48,8,3,2,1.9228928,0.9469952,0.2811904,0.2672128,0.0727936
136,"[15, 26, 20, 25]",0.7472721338272095,32,4,15,56,3,26,48,1,20,56,2,25,1.921536,0.9158656,0.5165056,0.103168,0.031296
911,"[20, 39, 44, 8]",0.7473270237445832,48,1,20,80,4,39,96,1,44,24,1,8,2.2791552,0.237568,1.4000128,0.2225152,0.0643584
333,"[16, 49, 53, 14]",0.7473964333534241,40,1,16,104,2,49,112,2,53,32,3,14,2.0768896,0.2179072,0.878592,0.530176,0.0955136
632,"[21, 26, 9, 8]",0.7473983645439148,48,2,21,56,3,26,24,2,9,24,1,8,1.88992,0.753664,0.6742016,0.1020928,0.0052608
499,"[29, 21, 2, 28]",0.7474556803703308,64,2,29,48,2,21,8,3,2,64,1,28,2.2504448,1.1747328,0.6516736,0.0671744,0.0021632
91,"[15, 25, 46, 20]",0.7474570572376251,32,4,15,56,2,25,96,3,46,48,1,20,2.051776,0.9158656,0.34304,0.3698176,0.068352
122,"[25, 36, 6, 5]",0.7474920928478241,56,2,25,80,1,36,16,3,6,16,2,5,1.9602816,0.9510912,0.4651008,0.185856,0.0035328
70,"[25, 24, 20, 38]",0.7477033376693726,56,2,25,56,1,24,48,1,20,80,3,38,1.900608,0.9510912,0.4257792,0.103168,0.0658688
939,"[14, 41, 23, 13]",0.747852212190628,32,3,14,88,2,41,48,4,23,32,2,13,2.0020864,0.6766592,0.6191104,0.3295744,0.0220416
971,"[36, 45, 1, 3]",0.7479211509227752,80,1,36,96,2,45,8,2,1,8,4,3,2.304704,0.3162112,1.3840384,0.248064,0.0016896
155,"[7, 47, 14, 54]",0.7479267120361328,16,4,7,96,4,47,32,3,14,112,3,54,2.6763136,0.360448,1.570816,0.2926592,0.0976896
247,"[20, 46, 39, 47]",0.7481995403766633,48,1,20,96,3,46,80,4,39,96,4,47,2.6673792,0.237568,1.3725696,0.5542912,0.1482496
789,"[20, 46, 27, 59]",0.748229694366455,48,1,20,96,3,46,56,4,27,120,4,59,2.5502592,0.237568,1.3725696,0.408832,0.1765888
938,"[52, 18, 41, 31]",0.7482774198055268,112,1,52,40,3,18,88,2,41,64,4,31,2.6422528,0.3948544,1.6154624,0.1744896,0.1027456
194,"[15, 49, 52, 21]",0.7483322620391846,32,4,15,104,2,49,112,1,52,48,2,21,2.5293696,0.9158656,0.7964672,0.3631616,0.0991744
773,"[48, 17, 4, 18]",0.7485473275184631,104,1,48,40,2,17,16,1,4,40,3,18,2.1302144,0.3751936,1.337344,0.0481792,0.0147968
451,"[32, 39, 25, 9]",0.7485491275787354,72,1,32,80,4,39,56,2,25,24,2,9,2.6697344,0.2965504,1.7496064,0.2433536,0.0255232
774,"[17, 50, 2, 57]",0.7486257791519165,40,2,17,104,3,50,8,3,2,120,2,57,2.736064,0.5824512,1.4563328,0.2911744,0.0514048
753,"[20, 53, 6, 19]",0.7486680448055267,48,1,20,112,2,53,16,3,6,40,4,19,2.0366336,0.237568,1.0756096,0.3482624,0.0204928
294,"[19, 44, 20, 59]",0.748757129907608,40,4,19,96,1,44,48,1,20,120,4,59,2.4002816,1.3115392,0.2910208,0.273408,0.1696128
26,"[56, 25, 5, 53]",0.7488398313522339,120,1,56,56,2,25,16,2,5,112,2,53,2.7705728,0.4145152,1.8591744,0.0942592,0.0479232
255,"[23, 21, 12, 3]",0.7488979756832123,48,4,23,48,2,21,32,1,12,8,4,3,2.6670848,1.785856,0.4448256,0.073216,0.0084864
965,"[19, 19, 9, 37]",0.7489484965801239,40,4,19,40,4,19,24,2,9,80,2,37,2.251008,1.3115392,0.495616,0.059392,0.02976
604,"[11, 41, 46, 29]",0.7489570677280426,24,4,11,88,2,41,96,3,46,64,2,29,2.1012352,0.5988352,0.5533696,0.5092864,0.0850432
469,"[52, 33, 3, 59]",0.7489663362503052,112,1,52,72,2,33,8,4,3,120,4,59,2.8548736,0.3948544,1.813504,0.1447936,0.1470208
128,"[19, 29, 17, 9]",0.7490139663219452,40,4,19,64,2,29,40,2,17,24,2,9,2.307008,1.3115392,0.47616,0.14976,0.014848
688,"[36, 35, 11, 12]",0.7490895867347718,80,1,36,72,4,35,24,4,11,32,1,12,2.534016,0.3162112,1.6820224,0.1754112,0.0056704
986,"[5, 43, 40, 6]",0.7490897059440613,16,2,5,88,4,43,88,1,40,16,3,6,2.22784,0.2260992,1.334272,0.2573824,0.0553856
367,"[17, 17, 55, 12]",0.749094796180725,40,2,17,40,2,17,112,4,55,32,1,12,1.917248,0.5824512,0.313344,0.5787136,0.0880384
195,"[32, 37, 22, 21]",0.7491522312164307,72,1,32,80,2,37,48,3,22,48,2,21,1.9964288,0.2965504,1.0573824,0.2599936,0.0278016
198,"[28, 49, 2, 2]",0.7491652965545654,64,1,28,104,2,49,8,3,2,8,3,2,2.127744,0.2768896,1.2036096,0.2911744,0.0013696
41,"[16, 54, 12, 47]",0.749174052476883,40,1,16,112,3,54,32,1,12,96,4,47,2.6773376,0.2179072,1.6467968,0.3521536,0.1057792
320,"[48, 33, 18, 55]",0.7492353916168213,104,1,48,72,2,33,40,3,18,112,4,55,2.6974464,0.3751936,1.619968,0.2029056,0.1446784
598,"[29, 5, 22, 41]",0.749447250366211,64,2,29,16,2,5,48,3,22,88,2,41,2.138624,1.1747328,0.4804608,0.07936,0.0493696
118,"[10, 41, 53, 22]",0.7496165871620178,24,3,10,88,2,41,112,2,53,48,3,22,1.9132032,0.458752,0.5533696,0.4391424,0.1072384
296,"[44, 26, 17, 38]",0.7497544288635254,96,1,44,56,3,26,40,2,17,80,3,38,2.3549952,0.3555328,1.4618624,0.1226752,0.060224
761,"[28, 42, 51, 16]",0.7498290002346039,64,1,28,88,3,42,104,4,51,40,1,16,2.8399104,0.2768896,1.4299136,0.7005184,0.077888
520,"[44, 26, 50, 29]",0.7502743899822235,96,1,44,56,3,26,104,3,50,64,2,29,2.6832896,0.3555328,1.4618624,0.414976,0.0962176
313,"[19, 1, 3, 42]",0.7507190108299255,40,4,19,8,2,1,8,4,3,88,3,42,1.9158784,1.3115392,0.1880064,0.0067584,0.0548736
232,"[33, 4, 14, 53]",0.7507418692111969,72,2,33,16,1,4,32,3,14,112,2,53,2.4577152,1.4245888,0.5801984,0.0422912,0.055936
532,"[21, 1, 55, 18]",0.7508232653141022,48,2,21,8,2,1,112,4,55,40,3,18,1.98752,0.753664,0.2635776,0.5146112,0.1009664
663,"[28, 42, 1, 12]",0.7508307099342346,64,1,28,88,3,42,8,2,1,32,1,12,2.2723584,0.2768896,1.4299136,0.2095104,0.001344
211,"[52, 15, 48, 25]",0.7509117245674133,112,1,52,32,4,15,104,1,48,56,2,25,2.4838528,0.3948544,1.5880192,0.0546816,0.0915968
970,"[48, 19, 33, 48]",0.7509201765060425,104,1,48,40,4,19,72,2,33,104,1,48,2.4329216,0.3751936,1.519616,0.1358848,0.0475264
935,"[40, 40, 15, 25]",0.750958788394928,88,1,40,88,1,40,32,4,15,56,2,25,2.0093696,0.335872,1.0295296,0.2678272,0.02144
9,"[28, 39, 35, 40]",0.7509620130062103,64,1,28,80,4,39,72,4,35,88,1,40,2.7175424,0.2768896,1.619968,0.4205056,0.0454784
751,"[23, 8, 57, 40]",0.7510192573070527,48,4,23,24,1,8,120,2,57,88,1,40,2.7657984,1.785856,0.2813952,0.231936,0.1119104
483,"[44, 44, 33, 19]",0.7512438595294952,96,1,44,96,1,44,72,2,33,40,4,19,2.347968,0.3555328,1.2214272,0.3598848,0.0564224
954,"[18, 26, 23, 37]",0.7513517141342163,40,3,18,56,3,26,48,4,23,80,2,37,2.1346688,0.9469952,0.5888,0.199936,0.0442368
252,"[32, 26, 26, 24]",0.7513581097126008,72,1,32,56,3,26,56,3,26,56,1,24,1.8800896,0.2965504,1.0090496,0.1931776,0.0266112
641,"[19, 11, 28, 29]",0.7513708174228668,40,4,19,24,4,11,64,1,28,64,2,29,2.0516224,1.3115392,0.3076096,0.0292352,0.0485376
653,"[28, 49, 48, 1]",0.7513776123523712,64,1,28,104,2,49,104,1,48,8,2,1,2.2651008,0.2768896,1.2036096,0.3574272,0.0724736
908,"[25, 32, 23, 42]",0.7515050888061523,56,2,25,72,1,32,48,4,23,88,3,42,2.0914048,0.9510912,0.4519936,0.2582016,0.0754176
655,"[40, 33, 52, 35]",0.7516709089279174,88,1,40,72,2,33,112,1,52,72,4,35,2.3055872,0.335872,1.2722176,0.1942016,0.1485952
49,"[40, 45, 11, 23]",0.751702606678009,88,1,40,96,2,45,24,4,11,48,4,23,2.5481216,0.335872,1.543168,0.2836992,0.0306816
697,"[15, 48, 48, 31]",0.7517286717891694,32,4,15,104,1,48,104,1,48,64,4,31,1.9709952,0.9158656,0.2187264,0.3574272,0.1242752
693,"[48, 41, 1, 39]",0.7518223822116852,104,1,48,88,2,41,8,2,1,80,4,39,2.8074752,0.3751936,1.8006016,0.2095104,0.0674688
681,"[40, 18, 12, 34]",0.7519229352474213,88,1,40,40,3,18,32,1,12,72,3,34,1.8843776,0.335872,1.0938368,0.0530944,0.0468736
337,"[22, 56, 1, 17]",0.7519351005554199,48,3,22,120,1,56,8,2,1,40,2,17,2.434112,1.26976,0.4190208,0.3833856,0.0072448
242,"[25, 41, 28, 28]",0.7519453048706055,56,2,25,88,2,41,64,1,28,64,1,28,2.4779136,0.9510912,0.894976,0.2426368,0.0345088
364,"[18, 26, 9, 1]",0.7519752502441406,40,3,18,56,3,26,24,2,9,8,2,1,1.9973504,0.9469952,0.5888,0.1020928,0.0047616
316,"[7, 43, 56, 35]",0.752009928226471,16,4,7,88,4,43,120,1,56,72,4,35,2.4879744,0.360448,1.334272,0.2770432,0.1615104
87,"[6, 35, 52, 26]",0.7520712912082672,16,3,6,72,4,35,112,1,52,56,3,26,1.876672,0.2932736,0.9201664,0.1942016,0.1143296
793,"[10, 46, 57, 17]",0.7521389663219452,24,3,10,96,3,46,120,2,57,40,2,17,2.5649024,0.458752,1.1311104,0.5125632,0.107776
269,"[25, 16, 31, 52]",0.7521989107131958,56,2,25,40,1,16,64,4,31,112,1,52,1.9766656,0.9510912,0.3995648,0.2312704,0.0400384
423,"[10, 46, 15, 52]",0.7524670541286469,24,3,10,96,3,46,32,4,15,112,1,52,2.2663552,0.458752,1.1311104,0.3076096,0.0141824
465,"[44, 30, 27, 4]",0.7524934947490692,96,1,44,64,3,30,56,4,27,16,1,4,2.5823488,0.3555328,1.585152,0.264448,0.0225152
216,"[10, 50, 56, 46]",0.7527257978916169,24,3,10,104,3,50,120,1,56,96,3,46,2.6628352,0.458752,1.3051904,0.368896,0.175296
209,"[15, 37, 1, 45]",0.7528639197349548,32,4,15,80,2,37,8,2,1,96,2,45,2.0189184,0.9158656,0.5402624,0.1742336,0.033856
360,"[36, 9, 50, 50]",0.753133237361908,80,1,36,24,2,9,104,3,50,104,3,50,1.921664,0.3162112,0.76288,0.3262976,0.1615744
504,"[36, 21, 51, 0]",0.7533535540103913,80,1,36,48,2,21,104,4,51,8,1,0,2.1863424,0.3162112,0.9109504,0.5323264,0.0721536
838,"[56, 25, 21, 17]",0.7536164879798889,120,1,56,56,2,25,48,2,21,40,2,17,2.7885312,0.4145152,1.8591744,0.135424,0.0247168
668,"[16, 49, 55, 0]",0.7536458075046539,40,1,16,104,2,49,112,4,55,8,1,0,2.3988352,0.2179072,0.878592,0.8642048,0.0834304
20,"[18, 28, 44, 55]",0.7536661088466644,40,3,18,64,1,28,96,1,44,112,4,55,1.9104384,0.9469952,0.2516992,0.1527808,0.2042624
953,"[40, 45, 21, 13]",0.7537271201610565,88,1,40,96,2,45,48,2,21,32,2,13,2.5614464,0.335872,1.543168,0.305664,0.0220416
791,"[17, 37, 26, 40]",0.7537295520305634,40,2,17,80,2,37,56,3,26,88,1,40,1.871232,0.5824512,0.617472,0.28672,0.029888
29,"[29, 40, 6, 36]",0.7537525594234467,64,2,29,88,1,40,16,3,6,80,1,36,2.3522944,1.1747328,0.5963776,0.2215424,0.0049408
882,"[6, 35, 29, 50]",0.7537935376167297,16,3,6,72,4,35,64,2,29,104,3,50,1.905216,0.2932736,0.9201664,0.2257408,0.1113344
266,"[26, 7, 28, 56]",0.7538536965847016,56,3,26,16,4,7,64,1,28,120,1,56,2.468544,1.6449536,0.410624,0.0173056,0.04096
403,"[48, 18, 0, 7]",0.7539511382579803,104,1,48,40,3,18,8,1,0,16,4,7,2.2081792,0.3751936,1.42848,0.0457216,0.0040832
260,"[16, 35, 19, 8]",0.7539770424365997,40,1,16,72,4,35,40,4,19,24,1,8,1.9185152,0.2179072,1.1075584,0.2256896,0.0126592
300,"[36, 19, 33, 19]",0.7542347013950348,80,1,36,40,4,19,72,2,33,40,4,19,1.9005312,0.3162112,1.037312,0.1358848,0.0564224
977,"[20, 39, 51, 20]",0.754277229309082,48,1,20,80,4,39,104,4,51,48,1,20,2.7319296,0.237568,1.4000128,0.6603264,0.0793216
583,"[10, 42, 39, 11]",0.7543269157409668,24,3,10,88,3,42,80,4,39,24,4,11,2.3476992,0.458752,0.9701376,0.5120512,0.0520576
244,"[10, 35, 27, 58]",0.7543417274951935,24,3,10,72,4,35,56,4,27,120,3,58,2.2073856,0.458752,0.9695232,0.2956288,0.1287808
544,"[19, 10, 57, 22]",0.754447603225708,40,4,19,24,3,10,120,2,57,48,3,22,2.2906112,1.3115392,0.2725888,0.231936,0.1198464
460,"[24, 45, 47, 27]",0.7547642707824707,56,1,24,96,2,45,96,4,47,56,4,27,2.3752704,0.2572288,0.9852928,0.67584,0.102208
50,"[40, 34, 43, 44]",0.7547947466373444,88,1,40,72,3,34,88,4,43,96,1,44,2.804864,0.335872,1.5542272,0.4944896,0.0655744
666,"[48, 13, 7, 7]",0.75480797290802,104,1,48,32,2,13,16,4,7,16,4,7,2.0633472,0.3751936,1.283072,0.0447488,0.005632
283,"[29, 2, 31, 20]",0.7548271417617798,64,2,29,8,3,2,64,4,31,48,1,20,2.1982592,1.1747328,0.4591616,0.1769984,0.0326656
780,"[40, 21, 42, 36]",0.7548425376415253,88,1,40,48,2,21,88,3,42,80,1,36,2.1156096,0.335872,1.0602496,0.3016704,0.0631168
16,"[10, 34, 57, 3]",0.7548457145690918,24,3,10,72,3,34,120,2,57,8,4,3,1.9869824,0.458752,0.6875136,0.3895296,0.0964864
303,"[24, 50, 19, 39]",0.7551999568939209,56,1,24,104,3,50,40,4,19,80,4,39,2.7335936,0.2572288,1.659904,0.379904,0.081856
96,"[19, 7, 27, 50]",0.7552704453468323,40,4,19,16,4,7,56,4,27,104,3,50,2.1592576,1.3115392,0.2430976,0.146176,0.103744
167,"[11, 31, 22, 43]",0.7554702699184418,24,4,11,64,4,31,48,3,22,88,4,43,2.0404992,0.5988352,0.7903232,0.1951744,0.1014656
305,"[40, 10, 38, 7]",0.7555405914783477,88,1,40,24,3,10,80,3,38,16,4,7,1.8859392,0.335872,0.9422848,0.205568,0.0475136
141,"[44, 23, 47, 6]",0.7555526852607727,96,1,44,48,4,23,96,4,47,16,3,6,2.7227008,0.3555328,1.480704,0.4666368,0.0651264
951,"[18, 23, 22, 25]",0.7556203901767731,40,3,18,48,4,23,48,3,22,56,2,25,2.0955648,0.9469952,0.6191104,0.1434624,0.031296
69,"[40, 26, 18, 17]",0.7557779788970947,88,1,40,56,3,26,40,3,18,40,2,17,2.1534336,0.335872,1.2978176,0.1454592,0.019584
916,"[6, 43, 4, 11]",0.7558764398097992,16,3,6,88,4,43,16,1,4,24,4,11,2.2047488,0.2932736,1.334272,0.2131456,0.0093568
630,"[6, 46, 29, 50]",0.7559959948062897,16,3,6,96,3,46,64,2,29,104,3,50,2.17632,0.2932736,1.0768384,0.3401728,0.1113344
97,"[23, 4, 13, 9]",0.7564441800117493,48,4,23,16,1,4,32,2,13,24,2,9,2.4485632,1.785856,0.2699264,0.0273408,0.0107392
71,"[7, 35, 48, 15]",0.7565146327018738,16,4,7,72,4,35,104,1,48,32,4,15,1.913088,0.360448,0.9201664,0.1901056,0.0876672
457,"[20, 53, 4, 58]",0.7565446078777314,48,1,20,112,2,53,16,1,4,120,3,58,2.1098368,0.237568,1.0756096,0.3398656,0.1020928
344,"[14, 52, 57, 28]",0.7566935420036316,32,3,14,112,1,52,120,2,57,64,1,28,1.9762432,0.6766592,0.2269184,0.6109696,0.1069952
952,"[20, 57, 36, 19]",0.7566952764987945,48,1,20,120,2,57,80,1,36,40,4,19,2.2821376,0.237568,1.1839488,0.441088,0.064832
450,"[15, 45, 49, 0]",0.7567092955112458,32,4,15,96,2,45,104,2,49,8,1,0,2.5023488,0.9158656,0.704512,0.4551168,0.0721536
736,"[48, 34, 4, 48]",0.7567337095737457,104,1,48,72,3,34,16,1,4,104,1,48,2.782784,0.3751936,1.9019776,0.1450496,0.0058624
803,"[22, 10, 17, 36]",0.7567825257778168,48,3,22,24,3,10,40,2,17,80,1,36,2.0399616,1.26976,0.3514368,0.047104,0.01696
897,"[28, 42, 1, 40]",0.7568581640720368,64,1,28,88,3,42,8,2,1,88,1,40,2.273792,0.2768896,1.4299136,0.2095104,0.0027776
735,"[28, 30, 27, 3]",0.7569636285305024,64,1,28,64,3,30,56,4,27,8,4,3,1.9197568,0.2768896,1.0010624,0.264448,0.022656
778,"[33, 28, 52, 57]",0.7569878160953522,72,2,33,64,1,28,112,1,52,120,2,57,2.770688,1.4245888,0.6785024,0.1601536,0.1527424
574,"[9, 49, 25, 59]",0.7570434153079987,24,2,9,104,2,49,56,2,25,120,4,59,1.9437952,0.3186688,0.7274496,0.3663872,0.1765888
256,"[13, 45, 23, 35]",0.7571682214736939,32,2,13,96,2,45,48,4,23,72,4,35,1.9416064,0.4374528,0.704512,0.370176,0.0747648
342,"[48, 11, 55, 39]",0.7572271645069122,104,1,48,24,4,11,112,4,55,80,4,39,2.7375488,0.3751936,1.3053952,0.5401088,0.1621504
722,"[52, 22, 17, 31]",0.7572668969631196,112,1,52,48,3,22,40,2,17,64,4,31,2.6220544,0.3948544,1.7158144,0.0988672,0.0578176
728,"[33, 0, 22, 19]",0.7573132634162902,72,2,33,8,1,0,48,3,22,40,4,19,2.4507392,1.4245888,0.5638144,0.0715264,0.0361088
384,"[23, 5, 18, 25]",0.7573695123195648,48,4,23,16,2,5,40,3,18,56,2,25,2.5124224,1.785856,0.28672,0.0591872,0.0259584
817,"[26, 6, 7, 12]",0.7573695659637452,56,3,26,16,3,6,16,4,7,32,1,12,2.4191104,1.6449536,0.3938304,0.022528,0.0030976
733,"[40, 40, 38, 23]",0.7575606048107147,88,1,40,88,1,40,80,3,38,48,4,23,2.218688,0.335872,1.0295296,0.4255232,0.0730624
445,"[25, 52, 4, 5]",0.7575840651988983,56,2,25,112,1,52,16,1,4,16,2,5,2.16672,0.9510912,0.5175296,0.3398656,0.0035328
737,"[11, 45, 29, 44]",0.7576142013072967,24,4,11,96,2,45,64,2,29,96,1,44,1.9690368,0.5988352,0.6371328,0.3401728,0.0381952
220,"[40, 29, 53, 32]",0.7576384782791138,88,1,40,64,2,29,112,2,53,72,1,32,2.3084672,0.335872,1.195008,0.327168,0.0957184
982,"[33, 7, 9, 40]",0.7577133059501648,72,2,33,16,4,7,24,2,9,88,1,40,2.4383232,1.4245888,0.6305792,0.0199168,0.0085376
8,"[29, 16, 8, 13]",0.7577483534812928,64,2,29,40,1,16,24,1,8,32,2,13,2.0973824,1.1747328,0.507904,0.0506368,0.009408
207,"[13, 39, 10, 28]",0.7578291654586792,32,2,13,80,4,39,24,3,10,64,1,28,2.231424,0.4374528,1.2324864,0.1994752,0.0073088
580,"[20, 45, 27, 47]",0.7578850567340851,48,1,20,96,2,45,56,4,27,96,4,47,2.0030208,0.237568,0.878592,0.408832,0.123328
328,"[7, 38, 50, 59]",0.7579287052154541,16,4,7,80,3,38,104,3,50,120,4,59,2.2379648,0.360448,0.7712768,0.5158912,0.235648
904,"[48, 56, 22, 51]",0.7579701900482178,104,1,48,120,1,56,48,3,22,104,4,51,2.8179456,0.3751936,1.475584,0.4793856,0.1330816
696,"[24, 50, 36, 18]",0.7581516921520233,56,1,24,104,3,50,80,1,36,40,3,18,2.6711936,0.2572288,1.659904,0.340224,0.059136
765,"[36, 52, 57, 27]",0.7582760572433471,80,1,36,112,1,52,120,2,57,56,4,27,2.3458688,0.3162112,0.9261056,0.6109696,0.1378816
948,"[36, 53, 23, 5]",0.758331936597824,80,1,36,112,2,53,48,4,23,16,2,5,2.7442048,0.3162112,1.5941632,0.4612096,0.01792
231,"[11, 27, 54, 18]",0.7583405196666717,24,4,11,56,4,27,112,3,54,40,3,18,2.1486976,0.5988352,0.630784,0.4634112,0.1009664
458,"[11, 50, 18, 3]",0.7584233045578003,24,4,11,104,3,50,40,3,18,8,4,3,2.6282368,0.5988352,1.3051904,0.35712,0.0123904
440,"[29, 4, 53, 4]",0.7584505915641785,64,2,29,16,1,4,112,2,53,16,1,4,2.26976,1.1747328,0.4636672,0.1916928,0.0849664
670,"[18, 25, 17, 20]",0.7585052788257599,40,3,18,56,2,25,40,2,17,48,1,20,1.854208,0.9469952,0.4153344,0.1226752,0.0145024
68,"[32, 48, 45, 52]",0.7585505902767181,72,1,32,104,1,48,96,2,45,112,1,52,1.9658624,0.2965504,0.7604224,0.4751872,0.0790016
173,"[48, 12, 7, 35]",0.758656769990921,104,1,48,32,1,12,16,4,7,72,4,35,2.055424,0.3751936,1.2232704,0.0447488,0.0575104
635,"[24, 38, 17, 25]",0.7586988210678101,56,1,24,80,3,38,40,2,17,56,2,25,2.0089728,0.2572288,1.1573248,0.21376,0.0259584
382,"[24, 35, 4, 3]",0.7587104439735413,56,1,24,72,4,35,16,1,4,8,4,3,2.0581376,0.2572288,1.2980224,0.1450496,0.003136
84,"[5, 57, 15, 42]",0.7587136030197144,16,2,5,120,2,57,32,4,15,88,3,42,1.9607168,0.2260992,0.8685568,0.4466176,0.0647424
975,"[9, 42, 0, 39]",0.7587812542915344,24,2,9,88,3,42,8,1,0,80,4,39,1.9192064,0.3186688,0.9701376,0.2082304,0.0674688
80,"[12, 57, 37, 4]",0.7590153038501739,32,1,12,120,2,57,80,2,37,16,1,4,2.1249664,0.1982464,1.0000384,0.527616,0.0443648
477,"[6, 57, 41, 33]",0.7593072831630707,16,3,6,120,2,57,88,2,41,72,2,33,2.1478784,0.2932736,0.8685568,0.5518336,0.0795136
968,"[10, 46, 35, 13]",0.7596043944358826,24,3,10,96,3,46,72,4,35,32,2,13,2.4875008,0.458752,1.1311104,0.5008896,0.042048
466,"[10, 57, 27, 48]",0.7596991240978241,24,3,10,120,2,57,56,4,27,104,1,48,2.3242496,0.458752,0.927744,0.5515264,0.0315264
616,"[52, 23, 13, 26]",0.7599647879600525,112,1,52,48,4,23,32,2,13,56,3,26,2.7148416,0.3948544,1.8448384,0.0881664,0.0322816
89,"[25, 28, 59, 28]",0.7599960386753082,56,2,25,64,1,28,120,4,59,64,1,28,2.5892096,0.9510912,0.4388864,0.737536,0.1069952
429,"[19, 44, 48, 34]",0.7600802958011628,40,4,19,96,1,44,104,1,48,72,3,34,2.386816,1.3115392,0.2910208,0.3106816,0.1188736
359,"[40, 56, 30, 28]",0.7601109147071838,88,1,40,120,1,56,64,3,30,64,1,28,2.3734656,0.335872,1.1081728,0.5402112,0.0345088
820,"[29, 3, 49, 18]",0.7606126427650451,64,2,29,8,4,3,104,2,49,40,3,18,2.2401792,1.1747328,0.4642816,0.157184,0.08928
551,"[33, 25, 4, 8]",0.7606408357620239,72,2,33,56,2,25,16,1,4,24,1,8,2.7077248,1.4245888,0.835584,0.0900608,0.0027904
5,"[56, 14, 28, 1]",0.7608306229114532,120,1,56,32,3,14,64,1,28,8,2,1,2.568704,0.4145152,1.7266688,0.0444416,0.0283776
615,"[48, 17, 2, 58]",0.7608779609203339,104,1,48,40,2,17,8,3,2,120,3,58,2.2147328,0.3751936,1.337344,0.0482816,0.0992128
355,"[19, 16, 56, 21]",0.7609120547771454,40,4,19,40,1,16,120,1,56,48,2,21,2.0803584,1.3115392,0.222208,0.080128,0.1117824
58,"[24, 30, 55, 30]",0.7609341561794281,56,1,24,64,3,30,112,4,55,64,3,30,2.2831744,0.2572288,0.887808,0.6611968,0.12224
372,"[48, 40, 38, 6]",0.7610380589962006,104,1,48,88,1,40,80,3,38,16,3,6,2.5857152,0.3751936,1.3838336,0.4255232,0.046464
662,"[40, 20, 47, 54]",0.7611129343509674,88,1,40,48,1,20,96,4,47,112,3,54,2.250944,0.335872,0.9312256,0.4666368,0.1625088
575,"[29, 33, 0, 28]",0.7613158583641052,64,2,29,72,2,33,8,1,0,64,1,28,2.5214464,1.1747328,0.848896,0.1409536,0.0021632
145,"[24, 30, 55, 56]",0.7613270044326782,56,1,24,64,3,30,112,4,55,120,1,56,2.2658688,0.2572288,0.887808,0.6611968,0.1049344
140,"[19, 17, 22, 32]",0.7614401042461395,40,4,19,40,2,17,48,3,22,72,1,32,2.1239936,1.3115392,0.313344,0.1225216,0.021888
877,"[40, 13, 51, 17]",0.7615266621112824,88,1,40,32,2,13,104,4,51,40,2,17,2.2138496,0.335872,0.9517056,0.4879872,0.083584
927,"[33, 24, 20, 2]",0.7615958690643311,72,2,33,56,1,24,48,1,20,8,3,2,2.5613696,1.4245888,0.6621184,0.103168,0.0167936
489,"[11, 31, 46, 24]",0.7616421818733216,24,4,11,64,4,31,96,3,46,56,1,24,2.213312,0.5988352,0.7903232,0.3997696,0.0696832
82,"[40, 23, 28, 10]",0.761712771654129,88,1,40,48,4,23,64,1,28,24,3,10,2.1278336,0.335872,1.3182976,0.0846848,0.0342784
388,"[36, 33, 17, 58]",0.7617567300796508,80,1,36,72,2,33,40,2,17,120,3,58,2.0846848,0.3162112,1.1180032,0.1801216,0.115648
86,"[19, 32, 40, 14]",0.7617725014686585,40,4,19,72,1,32,88,1,40,32,3,14,2.1729024,1.3115392,0.2615296,0.1819136,0.0632192
149,"[11, 49, 23, 41]",0.7618770003318787,24,4,11,104,2,49,48,4,23,88,2,41,2.1444096,0.5988352,0.7274496,0.4140544,0.0493696
846,"[15, 37, 59, 4]",0.7619425296783447,32,4,15,80,2,37,120,4,59,16,1,4,2.7177216,0.9158656,0.5402624,0.809728,0.0971648
974,"[40, 27, 23, 8]",0.7619505822658539,88,1,40,56,4,27,48,4,23,24,1,8,2.3793792,0.335872,1.4712832,0.199936,0.0175872
618,"[5, 38, 49, 54]",0.76237832903862,16,2,5,80,3,38,104,2,49,112,3,54,1.8978304,0.2260992,0.7712768,0.371456,0.1742976
675,"[6, 49, 49, 55]",0.7624302208423615,16,3,6,104,2,49,104,2,49,112,4,55,2.0374272,0.2932736,0.6715392,0.5018624,0.2160512
796,"[19, 6, 4, 50]",0.7625391006469726,40,4,19,16,3,6,16,1,4,104,3,50,1.9805568,1.3115392,0.226304,0.0099328,0.07808
839,"[7, 43, 13, 47]",0.7626905083656311,16,4,7,88,4,43,32,2,13,96,4,47,2.3931264,0.360448,1.334272,0.2379264,0.1057792
591,"[32, 57, 4, 56]",0.7627840042114258,72,1,32,120,2,57,16,1,4,120,1,56,2.6045056,0.2965504,1.5581184,0.3886592,0.0064768
813,"[33, 18, 27, 44]",0.7632006824016571,72,2,33,40,3,18,56,4,27,96,1,44,2.8121856,1.4245888,0.8116224,0.1905664,0.0307072
350,"[16, 54, 6, 33]",0.763214385509491,40,1,16,112,3,54,16,3,6,72,2,33,2.5899264,0.2179072,1.6467968,0.3482624,0.0222592
950,"[52, 23, 16, 15]",0.7632453501224518,112,1,52,48,4,23,40,1,16,32,4,15,2.6949632,0.3948544,1.8448384,0.0760832,0.0244864
844,"[16, 37, 58, 7]",0.763318932056427,40,1,16,80,2,37,120,3,58,16,4,7,1.9088896,0.2179072,0.617472,0.618496,0.1003136
956,"[28, 57, 48, 35]",0.7637007296085357,64,1,28,120,2,57,104,1,48,72,4,35,2.6491264,0.2768896,1.420288,0.4607488,0.1364992
886,"[40, 40, 13, 57]",0.7637482821941376,88,1,40,88,1,40,32,2,13,120,2,57,2.0205312,0.335872,1.0295296,0.2379264,0.0625024
110,"[40, 33, 1, 45]",0.7639829099178315,88,1,40,72,2,33,8,2,1,96,2,45,2.13888,0.335872,1.2722176,0.1422336,0.033856
743,"[52, 23, 19, 42]",0.763990843296051,112,1,52,48,4,23,40,4,19,88,3,42,2.8084992,0.3948544,1.8448384,0.1444352,0.0696704
61,"[40, 48, 21, 28]",0.7640363991260528,88,1,40,104,1,48,48,2,21,64,1,28,2.1301376,0.335872,1.0688512,0.3495424,0.0211712
552,"[48, 17, 51, 16]",0.7641110002994538,104,1,48,40,2,17,104,4,51,40,1,16,2.6536448,0.3751936,1.337344,0.5085184,0.077888
860,"[44, 14, 22, 49]",0.7641894459724426,96,1,44,32,3,14,48,3,22,104,2,49,2.046592,0.3555328,1.1706368,0.1048576,0.060864
459,"[9, 39, 8, 22]",0.7643578171730041,24,2,9,80,4,39,24,1,8,48,3,22,2.046336,0.3186688,1.168384,0.1819648,0.0226176
595,"[40, 44, 40, 21]",0.7650374412536621,88,1,40,96,1,44,88,1,40,48,2,21,2.1060608,0.335872,1.0491904,0.300032,0.0662656
208,"[10, 49, 54, 33]",0.7652871191501618,24,3,10,104,2,49,112,3,54,72,2,33,2.3514368,0.458752,0.7274496,0.6971904,0.113344
594,"[48, 44, 26, 21]",0.7653206944465637,104,1,48,96,1,44,56,3,26,48,2,21,2.5359872,0.3751936,1.4067712,0.3654656,0.033856
484,"[44, 22, 7, 2]",0.7654006063938141,96,1,44,48,3,22,16,4,7,8,3,2,2.1448064,0.3555328,1.35168,0.0800768,0.002816
648,"[52, 17, 53, 4]",0.7654704272747039,112,1,52,40,2,17,112,2,53,16,1,4,2.6035328,0.3948544,1.5243264,0.2446848,0.0849664
330,"[48, 21, 24, 53]",0.7658425331115722,104,1,48,48,2,21,56,1,24,112,2,53,2.2839808,0.3751936,1.3981696,0.0818176,0.0740992
577,"[56, 12, 39, 36]",0.7663757026195526,120,1,56,32,1,12,80,4,39,80,1,36,2.7377792,0.4145152,1.6070656,0.3081216,0.053376
665,"[40, 48, 51, 40]",0.7664297163486481,88,1,40,104,1,48,104,4,51,88,1,40,2.6366464,0.335872,1.0688512,0.7907328,0.0864896
587,"[44, 38, 16, 20]",0.7665111780166626,96,1,44,80,3,38,40,1,16,48,1,20,2.7867648,0.3555328,1.8710528,0.190976,0.0145024
111,"[6, 35, 47, 54]",0.7667105734348297,16,3,6,72,4,35,96,4,47,112,3,54,2.2871424,0.2932736,0.9201664,0.5564928,0.1625088
512,"[33, 21, 16, 36]",0.7668609023094177,72,2,33,48,2,21,40,1,16,80,1,36,2.6470912,1.4245888,0.7747584,0.0760832,0.01696
899,"[19, 12, 0, 49]",0.7670826315879822,40,4,19,32,1,12,8,1,0,104,2,49,1.9480192,1.3115392,0.2123776,0.0301056,0.039296
570,"[18, 2, 55, 24]",0.7672009289264679,40,3,18,8,3,2,112,4,55,56,1,24,2.10208,0.9469952,0.1931264,0.5146112,0.0926464
470,"[36, 26, 23, 20]",0.7672941446304321,80,1,36,56,3,26,48,4,23,48,1,20,2.0374656,0.3162112,1.14688,0.199936,0.0197376
65,"[56, 13, 7, 4]",0.7673148393630982,120,1,56,32,2,13,16,4,7,16,1,4,2.4833152,0.4145152,1.6668672,0.0447488,0.0024832
626,"[5, 42, 53, 38]",0.7673557996749878,16,2,5,88,3,42,112,2,53,80,3,38,2.0779648,0.2260992,0.917504,0.4391424,0.1405184
866,"[17, 53, 4, 40]",0.76739621758461,40,2,17,112,2,53,16,1,4,88,1,40,2.2610048,0.5824512,0.9787392,0.3398656,0.005248
417,"[9, 47, 5, 43]",0.7677546501159668,24,2,9,96,4,47,16,2,5,88,4,43,2.6381568,0.3186688,1.625088,0.2563072,0.083392
720,"[19, 6, 35, 44]",0.7677793025970459,40,4,19,16,3,6,72,4,35,96,1,44,2.169088,1.3115392,0.226304,0.2300416,0.0465024
343,"[48, 7, 12, 51]",0.7681539535522461,104,1,48,16,4,7,32,1,12,104,4,51,2.0920576,0.3751936,1.227776,0.0123904,0.1219968
161,"[40, 38, 20, 32]",0.7682826817035675,88,1,40,80,3,38,48,1,20,72,1,32,2.6100352,0.335872,1.7020928,0.1954816,0.021888
787,"[33, 16, 21, 13]",0.7684177100658417,72,2,33,40,1,16,48,2,21,32,2,13,2.5209472,1.4245888,0.6293504,0.0902656,0.0220416
374,"[12, 46, 15, 17]",0.7685467362403869,32,1,12,96,3,46,32,4,15,40,2,17,2.0743168,0.1982464,1.1984896,0.3076096,0.0152704
354,"[7, 39, 10, 27]",0.7689958989620209,16,4,7,80,4,39,24,3,10,56,4,27,2.0714368,0.360448,1.1173888,0.1994752,0.039424
102,"[9, 47, 11, 21]",0.7693035721778869,24,2,9,96,4,47,24,4,11,48,2,21,2.5967104,0.3186688,1.625088,0.2836992,0.0145536
602,"[48, 44, 53, 57]",0.7693646907806396,104,1,48,96,1,44,112,2,53,120,2,57,2.7724288,0.3751936,1.4067712,0.4830208,0.1527424
404,"[26, 21, 28, 8]",0.769397634267807,56,3,26,48,2,21,64,1,28,24,1,8,2.655936,1.6449536,0.541696,0.0846848,0.0299008
394,"[19, 5, 58, 29]",0.7695274412631988,40,4,19,16,2,5,120,3,58,64,2,29,2.4051456,1.3115392,0.2095104,0.4083712,0.121024
807,"[6, 57, 50, 1]",0.7696524083614349,16,3,6,120,2,57,104,3,50,8,2,1,2.338624,0.2932736,0.8685568,0.7496192,0.0724736
872,"[24, 50, 52, 10]",0.7698068082332611,56,1,24,104,3,50,112,1,52,24,3,10,2.7258752,0.2572288,1.659904,0.3631616,0.09088
644,"[32, 24, 47, 33]",0.7699013769626617,72,1,32,56,1,24,96,4,47,72,2,33,1.8966528,0.2965504,0.6621184,0.493312,0.0899712
711,"[28, 57, 28, 29]",0.7699377357959747,64,1,28,120,2,57,64,1,28,64,2,29,2.5283968,0.2768896,1.420288,0.4279808,0.0485376
405,"[48, 11, 43, 52]",0.770016884803772,104,1,48,24,4,11,88,4,43,112,1,52,2.450048,0.3751936,1.3053952,0.3467264,0.068032
386,"[15, 36, 53, 20]",0.7700648844242096,32,4,15,80,1,36,112,2,53,48,1,20,1.954368,0.9158656,0.1941504,0.3985408,0.0911104
983,"[6, 47, 25, 4]",0.770226389169693,16,3,6,96,4,47,56,2,25,16,1,4,2.5634048,0.2932736,1.570816,0.3220992,0.0225152
107,"[6, 54, 31, 50]",0.7705033242702484,16,3,6,112,3,54,64,4,31,104,3,50,2.7392128,0.2932736,1.4348288,0.5450752,0.1113344
601,"[48, 10, 41, 42]",0.7705613017082215,104,1,48,24,3,10,88,2,41,88,3,42,2.2550528,0.3751936,1.2703744,0.1383424,0.1164416
418,"[19, 23, 21, 3]",0.770597493648529,40,4,19,48,4,23,48,2,21,8,4,3,2.4136704,1.3115392,0.6191104,0.1112064,0.0171136
288,"[21, 44, 44, 52]",0.7708084225654602,48,2,21,96,1,44,96,1,44,112,1,52,1.8773376,0.753664,0.3846144,0.3053568,0.0790016
921,"[29, 8, 6, 4]",0.7708936214447022,64,2,29,24,1,8,16,3,6,16,1,4,2.0381312,1.1747328,0.4784128,0.0278016,0.0024832
621,"[28, 41, 32, 28]",0.7709549248218537,64,1,28,88,2,41,72,1,32,64,1,28,1.9346944,0.2768896,1.0131456,0.247552,0.0424064
959,"[5, 43, 37, 23]",0.7712298274040222,16,2,5,88,4,43,80,2,37,48,4,23,2.3271296,0.2260992,1.334272,0.3389952,0.0730624
490,"[6, 46, 53, 55]",0.771373164653778,16,3,6,96,3,46,112,2,53,112,4,55,2.4364928,0.2932736,1.0768384,0.4830208,0.2286592
212,"[5, 46, 36, 23]",0.7714400351047516,16,2,5,96,3,46,80,1,36,48,4,23,2.025408,0.2260992,1.0768384,0.2947072,0.0730624
464,"[9, 41, 55, 7]",0.7716602325439453,24,2,9,88,2,41,112,4,55,16,4,7,2.0880256,0.3186688,0.5533696,0.7731712,0.0881152
12,"[44, 19, 8, 20]",0.7717714488506318,96,1,44,40,4,19,24,1,8,48,1,20,2.1131008,0.3555328,1.3457408,0.0506368,0.0064896
351,"[36, 37, 54, 49]",0.7717869281768799,80,1,36,80,2,37,112,3,54,104,2,49,2.5745664,0.3162112,1.200128,0.5655552,0.1379712
348,"[44, 24, 30, 13]",0.7719798147678375,96,1,44,56,1,24,64,3,30,32,2,13,2.0816768,0.3555328,1.1149312,0.221952,0.03456
59,"[29, 23, 12, 12]",0.7722169816493988,64,2,29,48,4,23,32,1,12,32,1,12,2.5214336,1.1747328,0.9097216,0.073216,0.0090624
54,"[13, 54, 24, 44]",0.7722475469112396,32,2,13,112,3,54,56,1,24,96,1,44,2.75648,0.4374528,1.5630336,0.3705856,0.0307072
949,"[18, 22, 5, 20]",0.7724245607852935,40,3,18,48,3,22,16,2,5,48,1,20,1.8671744,0.9469952,0.4900864,0.07168,0.003712
782,"[16, 41, 58, 25]",0.7725674629211425,40,1,16,88,2,41,120,3,58,56,2,25,2.046272,0.2179072,0.6979584,0.6595072,0.1161984
395,"[48, 52, 18, 10]",0.7726427495479584,104,1,48,112,1,52,40,3,18,24,3,10,2.6034432,0.3751936,1.4526464,0.4038656,0.0170368
912,"[44, 15, 29, 17]",0.7727810025215149,96,1,44,32,4,15,64,2,29,40,2,17,2.0786688,0.3555328,1.2304384,0.1005568,0.03744
893,"[36, 37, 36, 48]",0.7727888762950897,80,1,36,80,2,37,80,1,36,104,1,48,2.1412992,0.3162112,1.200128,0.213504,0.0567552
647,"[29, 8, 5, 52]",0.7729914665222168,64,2,29,24,1,8,16,2,5,112,1,52,2.0376192,1.1747328,0.4784128,0.0236032,0.0061696
777,"[44, 15, 22, 25]",0.7730219721794128,96,1,44,32,4,15,48,3,22,56,2,25,2.0768256,0.3555328,1.2304384,0.1048576,0.031296
926,"[20, 31, 23, 29]",0.7733817875385285,48,1,20,64,4,31,48,4,23,64,2,29,1.8670208,0.237568,1.0121216,0.2274304,0.0352
120,"[32, 53, 4, 28]",0.7736390769481659,72,1,32,112,2,53,16,1,4,64,1,28,2.4403072,0.2965504,1.444864,0.3398656,0.0043264
543,"[48, 56, 25, 13]",0.7738068282604218,104,1,48,120,1,56,56,2,25,32,2,13,2.6981632,0.3751936,1.475584,0.4647936,0.0278912
334,"[16, 56, 55, 1]",0.7739978969097138,40,1,16,120,1,56,112,4,55,8,2,1,1.945216,0.2179072,0.320512,0.9683456,0.0837504
282,"[36, 57, 2, 54]",0.7740170896053314,80,1,36,120,2,57,8,3,2,112,3,54,2.8515328,0.3162112,1.709056,0.3846656,0.0868992
727,"[25, 7, 23, 29]",0.7742942929267883,56,2,25,16,4,7,48,4,23,64,2,29,1.863232,0.9510912,0.410624,0.111616,0.0352
746,"[12, 38, 51, 45]",0.7742966771125793,32,1,12,80,3,38,104,4,51,96,2,45,2.2184448,0.1982464,0.8863744,0.6603264,0.1187968
1,"[7, 49, 42, 3]",0.7743858098983765,16,4,7,104,2,49,88,3,42,8,4,3,1.994048,0.360448,0.6715392,0.5543424,0.0530176
259,"[6, 49, 57, 11]",0.7745095551013946,16,3,6,104,2,49,120,2,57,24,4,11,1.9850112,0.2932736,0.6715392,0.560128,0.1053696
539,"[10, 39, 22, 56]",0.7747123003005981,24,3,10,80,4,39,48,3,22,120,1,56,2.2680192,0.458752,1.168384,0.2599936,0.0261888
482,"[28, 57, 12, 36]",0.7747980117797851,64,1,28,120,2,57,32,1,12,80,1,36,2.4657792,0.2768896,1.420288,0.4017664,0.0121344
505,"[18, 23, 17, 12]",0.7748564124107361,40,3,18,48,4,23,40,2,17,32,1,12,2.0329472,0.9469952,0.6191104,0.0988672,0.0132736
165,"[10, 38, 26, 40]",0.7749897539615631,24,3,10,80,3,38,56,3,26,88,1,40,1.9523328,0.458752,0.822272,0.28672,0.029888
114,"[33, 8, 14, 8]",0.7750191807746887,72,2,33,24,1,8,32,3,14,24,1,8,2.4370048,1.4245888,0.5965824,0.0525824,0.0085504
550,"[44, 16, 38, 38]",0.7751918971538544,96,1,44,40,1,16,80,3,38,80,3,38,2.1201024,0.3555328,1.0723328,0.240896,0.09664
560,"[48, 16, 6, 47]",0.7753275215625763,104,1,48,40,1,16,16,3,6,96,4,47,2.1308544,0.3751936,1.246208,0.056576,0.098176
624,"[52, 22, 40, 52]",0.77561936378479,112,1,52,48,3,22,88,1,40,112,1,52,2.626688,0.3948544,1.7158144,0.0932864,0.068032
254,"[10, 53, 48, 5]",0.7757056295871735,24,3,10,112,2,53,104,1,48,16,2,5,2.1198592,0.458752,0.82432,0.4074496,0.0746368
533,"[19, 9, 28, 33]",0.7757873773574829,40,4,19,24,2,9,64,1,28,72,2,33,1.9860992,1.3115392,0.237568,0.0292352,0.053056
3,"[40, 19, 59, 9]",0.7758594214916229,88,1,40,40,4,19,120,4,59,24,2,9,2.6303616,0.335872,1.1849728,0.653824,0.100992
827,"[48, 13, 58, 14]",0.7759916841983795,104,1,48,32,2,13,120,3,58,32,3,14,2.5621248,0.3751936,1.283072,0.4412416,0.1079168
396,"[16, 53, 52, 13]",0.7761465787887574,40,1,16,112,2,53,112,1,52,32,2,13,2.0567168,0.2179072,0.9787392,0.4135936,0.091776
356,"[52, 13, 47, 33]",0.7764659881591797,112,1,52,32,2,13,96,4,47,72,2,33,2.7310592,0.3948544,1.468416,0.4231168,0.0899712
377,"[9, 27, 54, 45]",0.7765117585659027,24,2,9,56,4,27,112,3,54,96,2,45,1.8987648,0.3186688,0.630784,0.4634112,0.1312
917,"[12, 38, 53, 20]",0.7767941236495972,32,1,12,80,3,38,112,2,53,48,1,20,1.9289728,0.1982464,0.8863744,0.3985408,0.0911104
657,"[7, 39, 13, 6]",0.7768395781517029,16,4,7,80,4,39,32,2,13,16,3,6,2.044096,0.360448,1.1173888,0.2014208,0.0101376
546,"[7, 50, 20, 22]",0.7769300401210785,16,4,7,104,3,50,48,1,20,48,3,22,2.3175808,0.360448,1.24928,0.3172864,0.0358656
78,"[11, 46, 11, 10]",0.7769643068313599,24,4,11,96,3,46,24,4,11,24,3,10,2.377984,0.5988352,1.1311104,0.2836992,0.0096384
671,"[7, 42, 46, 48]",0.7773020207881928,16,4,7,88,3,42,96,3,46,104,1,48,2.2196096,0.360448,0.917504,0.5092864,0.0776704
639,"[36, 40, 26, 9]",0.7776611328125,80,1,36,88,1,40,56,3,26,24,2,9,1.892928,0.3162112,0.8720384,0.3244544,0.0255232
142,"[24, 57, 54, 21]",0.7776650011539459,56,1,24,120,2,57,112,3,54,48,2,21,2.808,0.2572288,1.2955648,0.8013312,0.0991744
556,"[9, 50, 15, 35]",0.7779448986053467,24,2,9,104,3,50,32,4,15,72,4,35,2.393728,0.3186688,1.3051904,0.3506688,0.0644992
237,"[7, 53, 19, 26]",0.7780132234096527,16,4,7,112,2,53,40,4,19,56,3,26,1.9453696,0.360448,0.7667712,0.4266496,0.0368
708,"[19, 8, 9, 33]",0.7785364985466003,40,4,19,24,1,8,24,2,9,72,2,33,1.9239296,1.3115392,0.2025472,0.0297984,0.025344
48,"[25, 0, 57, 29]",0.7786533951759338,56,2,25,8,1,0,120,2,57,64,2,29,1.9795712,0.9510912,0.347136,0.2056192,0.121024
919,"[6, 43, 23, 23]",0.7789706528186798,16,3,6,88,4,43,48,4,23,48,4,23,2.3557504,0.2932736,1.334272,0.3295744,0.0439296
392,"[52, 33, 8, 32]",0.779288363456726,112,1,52,72,2,33,24,1,8,72,1,32,2.7199232,0.3948544,1.813504,0.1491456,0.0077184
976,"[11, 43, 4, 4]",0.7794521272182464,24,4,11,88,4,43,16,1,4,16,1,4,2.5560704,0.5988352,1.3869056,0.2131456,0.0024832
531,"[33, 8, 11, 36]",0.7801478743553162,72,2,33,24,1,8,24,4,11,80,1,36,2.4313088,1.4245888,0.5965824,0.0473088,0.008128
284,"[44, 36, 31, 3]",0.7801703214645386,96,1,44,80,1,36,64,4,31,8,4,3,2.2909184,0.3555328,1.1788288,0.3728384,0.0290176
456,"[23, 0, 2, 8]",0.7804665744304657,48,4,23,8,1,0,8,3,2,24,1,8,2.405632,1.785856,0.2584576,0.0054784,0.0011392
513,"[12, 57, 49, 19]",0.78055659532547,32,1,12,120,2,57,104,2,49,40,4,19,2.2531456,0.1982464,1.0000384,0.605184,0.094976
380,"[48, 37, 44, 44]",0.7806450366973877,104,1,48,80,2,37,96,1,44,96,1,44,2.7357568,0.3751936,1.707008,0.2225152,0.0763392
611,"[29, 1, 14, 16]",0.7808313608169556,64,2,29,8,2,1,32,3,14,40,1,16,2.0283264,1.1747328,0.4540416,0.0352768,0.0095744
523,"[25, 40, 3, 8]",0.7809514880180359,56,2,25,88,1,40,8,4,3,24,1,8,1.9972096,0.9510912,0.478208,0.2120704,0.0011392
125,"[48, 7, 26, 51]",0.7811297237873077,104,1,48,16,4,7,56,3,26,104,4,51,2.2003328,0.3751936,1.227776,0.1028096,0.1398528
658,"[40, 32, 25, 54]",0.7812594175338745,88,1,40,72,1,32,56,2,25,112,3,54,2.0055296,0.335872,0.990208,0.208896,0.1158528
920,"[12, 58, 9, 1]",0.781599485874176,32,1,12,120,3,58,24,2,9,8,2,1,2.7266432,0.1982464,1.7649664,0.403968,0.0047616
390,"[16, 50, 27, 31]",0.7816488206386566,40,1,16,104,3,50,56,4,27,64,4,31,2.5515776,0.2179072,1.4563328,0.45312,0.0695168
832,"[9, 54, 37, 13]",0.7816552221775055,24,2,9,112,3,54,80,2,37,32,2,13,2.691648,0.3186688,1.4923776,0.4755456,0.0503552
852,"[56, 22, 25, 8]",0.7819131731986999,120,1,56,48,3,22,56,2,25,24,1,8,2.8352768,0.4145152,1.9175424,0.125184,0.0233344
39,"[7, 35, 18, 0]",0.781943678855896,16,4,7,72,4,35,40,3,18,8,1,0,1.8496512,0.360448,0.9201664,0.2029056,0.0114304
760,"[52, 11, 50, 4]",0.7820035994052887,112,1,52,24,4,11,104,3,50,16,1,4,2.6385408,0.3948544,1.4891008,0.3262976,0.0735872
568,"[16, 23, 55, 52]",0.782068920135498,40,1,16,48,4,23,112,4,55,112,1,52,1.898048,0.2179072,0.6191104,0.6029312,0.1033984
828,"[32, 56, 23, 40]",0.782110595703125,72,1,32,120,1,56,48,4,23,88,1,40,1.9794048,0.2965504,0.7931904,0.5116416,0.0233216
847,"[36, 36, 54, 7]",0.7821969330310822,80,1,36,80,1,36,112,3,54,16,4,7,2.1785984,0.3162112,0.854016,0.5655552,0.0881152
13,"[52, 44, 41, 12]",0.7822878658771515,112,1,52,96,1,44,88,2,41,32,1,12,2.8147456,0.3948544,1.6052224,0.404224,0.055744
564,"[15, 19, 48, 36]",0.782920640707016,32,4,15,40,4,19,104,1,48,80,1,36,1.8574336,0.9158656,0.4265984,0.0752128,0.085056
629,"[19, 22, 48, 48]",0.7829370677471161,40,4,19,48,3,22,104,1,48,104,1,48,2.344704,1.3115392,0.4900864,0.0990208,0.0893568
37,"[52, 29, 12, 24]",0.7829818665981293,112,1,52,64,2,29,32,1,12,56,1,24,2.6148224,0.3948544,1.7313792,0.1232896,0.0105984
25,"[48, 40, 26, 4]",0.7833536982536315,104,1,48,88,1,40,56,3,26,16,1,4,2.4606976,0.3751936,1.3838336,0.3244544,0.0225152
73,"[48, 11, 2, 9]",0.7833643138408661,104,1,48,24,4,11,8,3,2,24,2,9,2.058944,0.3751936,1.3053952,0.0203264,0.003328
881,"[8, 39, 36, 26]",0.7833930492401123,24,1,8,80,4,39,80,1,36,56,3,26,1.9868544,0.1785856,1.168384,0.213504,0.07168
540,"[24, 50, 2, 41]",0.7834848761558533,56,1,24,104,3,50,8,3,2,88,2,41,2.5918336,0.2572288,1.659904,0.2911744,0.0288256
812,"[8, 57, 14, 29]",0.7836044073104859,24,1,8,120,2,57,32,3,14,64,2,29,1.9178368,0.1785856,0.927744,0.4316672,0.0251392
304,"[48, 9, 35, 47]",0.7839161217212677,104,1,48,24,2,9,72,4,35,96,4,47,2.346752,0.3751936,1.2353536,0.2423808,0.1391232
871,"[19, 9, 30, 12]",0.7839448630809784,40,4,19,24,2,9,64,3,30,32,1,12,2.076096,1.3115392,0.237568,0.1414656,0.0308224
228,"[44, 52, 4, 45]",0.7839937806129456,96,1,44,112,1,52,16,1,4,96,2,45,2.3505536,0.3555328,1.2640256,0.3398656,0.0364288
121,"[1, 42, 49, 38]",0.7844673871994019,8,2,1,88,3,42,104,2,49,80,3,38,1.9323904,0.159744,0.8779776,0.411648,0.12832
18,"[9, 50, 20, 14]",0.7846689343452453,24,2,9,104,3,50,48,1,20,32,3,14,2.3216256,0.3186688,1.3051904,0.3172864,0.0257792
321,"[19, 17, 6, 4]",0.7847793519496917,40,4,19,40,2,17,16,3,6,16,1,4,2.0386432,1.3115392,0.313344,0.056576,0.0024832
233,"[11, 45, 1, 13]",0.7848346769809723,24,4,11,96,2,45,8,2,1,32,2,13,1.8438144,0.5988352,0.6371328,0.248064,0.0050816
993,"[6, 35, 45, 8]",0.7848763167858124,16,3,6,72,4,35,96,2,45,24,1,8,1.9420032,0.2932736,0.9201664,0.309504,0.0643584
764,"[3, 47, 48, 37]",0.7852270066738128,8,4,3,96,4,47,104,1,48,80,2,37,2.5024256,0.200704,1.5296512,0.3106816,0.106688
408,"[52, 14, 40, 36]",0.7853225350379944,112,1,52,32,3,14,88,1,40,80,1,36,2.3914752,0.3948544,1.5282176,0.0505856,0.0631168
293,"[40, 53, 1, 14]",0.7854031145572662,88,1,40,112,2,53,8,2,1,32,3,14,2.7909632,0.335872,1.7565696,0.3350016,0.0088192
609,"[44, 16, 46, 57]",0.7854621529579162,96,1,44,40,1,16,96,3,46,120,2,57,2.2304512,0.3555328,1.0723328,0.319744,0.1281408
718,"[52, 13, 11, 9]",0.7855732917785645,112,1,52,32,2,13,24,4,11,24,2,9,2.285888,0.3948544,1.468416,0.0604672,0.0074496
572,"[5, 51, 17, 0]",0.7860694408416748,16,2,5,104,4,51,40,2,17,8,1,0,2.7535872,0.2260992,1.8270208,0.334336,0.0114304
406,"[4, 47, 4, 25]",0.7861262917518616,16,1,4,96,4,47,16,1,4,56,2,25,2.3514112,0.1589248,1.570816,0.2521088,0.0148608
369,"[7, 46, 50, 47]",0.7866419970989227,16,4,7,96,3,46,104,3,50,96,4,47,2.5720832,0.360448,1.0768384,0.599552,0.180544
833,"[36, 33, 44, 36]",0.7866428911685943,80,1,36,72,2,33,96,1,44,80,1,36,2.0486016,0.3162112,1.1180032,0.1860096,0.0736768
66,"[9, 46, 13, 52]",0.7868072330951691,24,2,9,96,3,46,32,2,13,112,1,52,2.0963712,0.3186688,1.1311104,0.2777088,0.0141824
238,"[19, 4, 52, 9]",0.7868842124938965,40,4,19,16,1,4,112,1,52,24,2,9,1.9723264,1.3115392,0.1927168,0.0246784,0.0886912
426,"[1, 51, 3, 1]",0.7872629225254059,8,2,1,104,4,51,8,4,3,8,2,1,2.5921664,0.159744,1.7842176,0.2924544,0.0010496
606,"[48, 6, 8, 21]",0.7872903764247894,104,1,48,16,3,6,24,1,8,48,2,21,1.966592,0.3751936,1.2109824,0.0111616,0.0145536
467,"[24, 38, 23, 19]",0.7873611688613892,56,1,24,80,3,38,48,4,23,40,4,19,2.0976128,0.2572288,1.1573248,0.2922496,0.0361088
83,"[0, 47, 8, 44]",0.7875724077224732,8,1,0,96,4,47,24,1,8,96,1,44,2.2899968,0.139264,1.5296512,0.2574336,0.0089472
257,"[5, 51, 18, 32]",0.7881347239017487,16,2,5,104,4,51,40,3,18,72,1,32,2.7812864,0.2260992,1.8270208,0.35712,0.0163456
966,"[0, 47, 20, 35]",0.7883529543876648,8,1,0,96,4,47,48,1,20,72,4,35,2.3717888,0.139264,1.5296512,0.273408,0.0747648
991,"[12, 58, 17, 8]",0.7893611371517182,32,1,12,120,3,58,40,2,17,24,1,8,2.7616768,0.1982464,1.7649664,0.431104,0.0126592
937,"[56, 6, 56, 27]",0.7894916951656341,120,1,56,16,3,6,120,1,56,56,4,27,2.5212288,0.4145152,1.588224,0.0259072,0.1378816
536,"[7, 53, 17, 21]",0.789655327796936,16,4,7,112,2,53,40,2,17,48,2,21,1.885568,0.360448,0.7667712,0.3810816,0.0225664
221,"[6, 46, 6, 2]",0.7896574079990387,16,3,6,96,3,46,16,3,6,8,3,2,1.9881344,0.2932736,1.0768384,0.2605056,0.002816
447,"[36, 18, 54, 52]",0.7896654486656189,80,1,36,40,3,18,112,3,54,112,1,52,2.1321856,0.3162112,0.946176,0.4116992,0.1033984
994,"[1, 47, 5, 20]",0.7897051215171814,8,2,1,96,4,47,16,2,5,48,1,20,2.3041152,0.159744,1.5296512,0.2563072,0.003712
703,"[6, 46, 55, 0]",0.7898065984249115,16,3,6,96,3,46,112,4,55,8,1,0,2.6252928,0.2932736,1.0768384,0.8170496,0.0834304
878,"[48, 48, 56, 21]",0.7900163650512695,104,1,48,104,1,48,120,1,56,48,2,21,2.6402816,0.3751936,1.4297088,0.368896,0.1117824
651,"[32, 16, 51, 47]",0.7902780413627625,72,1,32,40,1,16,104,4,51,96,4,47,1.969664,0.2965504,0.6293504,0.5085184,0.180544
734,"[56, 7, 57, 59]",0.7902809977531433,120,1,56,16,4,7,120,2,57,120,4,59,2.8532608,0.4145152,1.6050176,0.2171392,0.261888
528,"[5, 57, 57, 2]",0.7908583223819733,16,2,5,120,2,57,120,2,57,8,3,2,2.2106112,0.2260992,0.8685568,0.665088,0.0961664
187,"[9, 39, 42, 24]",0.7909893572330475,24,2,9,80,4,39,88,3,42,56,1,24,2.3275776,0.3186688,1.168384,0.4263936,0.0594304
719,"[1, 43, 26, 7]",0.7914014339447022,8,2,1,88,4,43,56,3,26,16,4,7,2.1593088,0.159744,1.2947456,0.3244544,0.025664
345,"[48, 6, 38, 4]",0.7919002771377563,104,1,48,16,3,6,80,3,38,16,1,4,2.1780608,0.3751936,1.2109824,0.1928192,0.0443648
435,"[6, 43, 17, 16]",0.7921037077903748,16,3,6,88,4,43,40,2,17,40,1,16,2.2468096,0.2932736,1.334272,0.2506752,0.013888
186,"[19, 18, 5, 44]",0.7925916910171509,40,4,19,40,3,18,16,2,5,96,1,44,2.1286528,1.3115392,0.40448,0.0523776,0.0055552
836,"[16, 57, 48, 20]",0.792650681734085,40,1,16,120,2,57,104,1,48,48,1,20,2.1981184,0.2179072,1.08544,0.4607488,0.0793216
759,"[7, 39, 52, 52]",0.7929085671901703,16,4,7,80,4,39,112,1,52,112,1,52,2.1674624,0.360448,1.1173888,0.2315264,0.1033984
62,"[7, 58, 4, 49]",0.7933733820915222,16,4,7,120,3,58,16,1,4,104,2,49,2.779264,0.360448,1.6334848,0.3886592,0.0419712
865,"[44, 10, 34, 17]",0.7935419678688049,96,1,44,24,3,10,72,3,34,40,2,17,2.0269184,0.3555328,1.099776,0.1718784,0.0450304
706,"[18, 48, 4, 36]",0.7937253475189209,40,3,18,104,1,48,16,1,4,80,1,36,1.9018368,0.9469952,0.3008512,0.2943488,0.0049408
191,"[12, 39, 54, 21]",0.7937280535697937,32,1,12,80,4,39,112,3,54,48,2,21,2.4501632,0.1982464,1.2324864,0.5655552,0.0991744
900,"[19, 7, 14, 16]",0.7941511869430542,40,4,19,16,4,7,32,3,14,40,1,16,1.9612032,1.3115392,0.2430976,0.0422912,0.0095744
94,"[44, 40, 51, 16]",0.7942139029502868,96,1,44,88,1,40,104,4,51,40,1,16,2.688768,0.3555328,1.200128,0.7005184,0.077888
914,"[6, 43, 48, 0]",0.7944655597209931,16,3,6,88,4,43,104,1,48,8,1,0,2.3216128,0.2932736,1.334272,0.2672128,0.0721536
31,"[7, 43, 6, 16]",0.7951464235782624,16,4,7,88,4,43,16,3,6,40,1,16,2.274368,0.360448,1.334272,0.2215424,0.0034048
248,"[9, 41, 54, 4]",0.7960092663764954,24,2,9,88,2,41,112,3,54,16,1,4,1.9178624,0.3186688,0.5533696,0.6061568,0.0849664
279,"[52, 52, 40, 17]",0.796253788471222,112,1,52,112,1,52,88,1,40,40,2,17,2.86176,0.3948544,1.6543744,0.3951616,0.0626688
887,"[52, 7, 29, 22]",0.7964756608009338,112,1,52,16,4,7,64,2,29,48,3,22,2.2816128,0.3948544,1.4098432,0.0734208,0.0487936
448,"[48, 24, 24, 46]",0.7966134190559387,104,1,48,56,1,24,56,1,24,96,3,46,2.2208768,0.3751936,1.2920832,0.1064448,0.0924544
286,"[7, 50, 20, 2]",0.7966147363185883,16,4,7,104,3,50,48,1,20,8,3,2,2.2985088,0.360448,1.24928,0.3172864,0.0167936
511,"[9, 58, 6, 57]",0.7966339945793152,24,2,9,120,3,58,16,3,6,120,2,57,2.8173824,0.3186688,1.692672,0.397056,0.0542848
492,"[48, 16, 45, 13]",0.7970423817634582,104,1,48,40,1,16,96,2,45,32,2,13,2.2417792,0.3751936,1.246208,0.1962496,0.0694272
318,"[44, 7, 31, 20]",0.7974177956581116,96,1,44,16,4,7,64,4,31,48,1,20,1.9873664,0.3555328,1.058816,0.1856512,0.0326656
496,"[7, 30, 58, 55]",0.7976016998291016,16,4,7,64,3,30,120,3,58,112,4,55,2.0216832,0.360448,0.518144,0.546304,0.2420864
747,"[36, 23, 54, 10]",0.7976173996925354,80,1,36,48,4,23,112,3,54,24,3,10,2.3667072,0.3162112,1.1689984,0.4359168,0.09088
972,"[15, 23, 28, 4]",0.7977278888225555,32,4,15,48,4,23,64,1,28,16,1,4,1.9326848,0.9158656,0.5484544,0.0846848,0.0289792
579,"[52, 5, 55, 52]",0.7981938719749451,112,1,52,16,2,5,112,4,55,112,1,52,2.7549312,0.3948544,1.376256,0.5257216,0.1033984
154,"[36, 40, 59, 20]",0.7982452690601349,80,1,36,88,1,40,120,4,59,48,1,20,2.497408,0.3162112,0.8720384,0.8507392,0.1037184
285,"[36, 16, 55, 4]",0.7982482969760895,80,1,36,40,1,16,112,4,55,16,1,4,2.098496,0.3162112,0.763904,0.5787136,0.0849664
943,"[56, 0, 39, 1]",0.7983868002891541,120,1,56,8,1,0,80,4,39,8,2,1,2.611072,0.4145152,1.5284224,0.2698752,0.0435584
672,"[19, 44, 44, 56]",0.7984850287437439,40,4,19,96,1,44,96,1,44,120,1,56,2.3429504,1.3115392,0.2910208,0.3053568,0.0803328
685,"[4, 42, 49, 25]",0.7985188484191894,16,1,4,88,3,42,104,2,49,56,2,25,1.9343744,0.1589248,0.917504,0.411648,0.0915968
139,"[3, 43, 57, 33]",0.7989384949207305,8,4,3,88,4,43,120,2,57,72,2,33,2.4446848,0.200704,1.2947456,0.4682752,0.1262592
714,"[1, 43, 56, 28]",0.7993043839931488,8,2,1,88,4,43,120,1,56,64,1,28,2.1932288,0.159744,1.2947456,0.2770432,0.1069952
27,"[8, 43, 4, 4]",0.799328887462616,24,1,8,88,4,43,16,1,4,16,1,4,2.1358208,0.1785856,1.3869056,0.2131456,0.0024832
856,"[36, 0, 55, 41]",0.799505215883255,80,1,36,8,1,0,112,4,55,88,2,41,2.002176,0.3162112,0.6918144,0.5146112,0.1248384
168,"[40, 18, 36, 28]",0.799601149559021,88,1,40,40,3,18,80,1,36,64,1,28,1.9033728,0.335872,1.0938368,0.06784,0.0511232
362,"[23, 21, 36, 0]",0.7997510552406311,48,4,23,48,2,21,80,1,36,8,1,0,2.71904,1.785856,0.4448256,0.0904192,0.0432384
503,"[52, 12, 5, 8]",0.7997753322124481,112,1,52,32,1,12,16,2,5,24,1,8,2.197312,0.3948544,1.4086144,0.036352,0.0027904
275,"[15, 22, 52, 12]",0.7998299241065979,32,4,15,48,3,22,112,1,52,32,1,12,1.8799232,0.9158656,0.4194304,0.101888,0.0880384
815,"[37, 5, 8, 8]",0.8002612352371216,80,2,37,16,2,5,24,1,8,24,1,8,2.7984128,1.7006592,0.7266304,0.0111616,0.0052608
840,"[0, 51, 37, 3]",0.8012017130851745,8,1,0,104,4,51,80,2,37,8,4,3,2.7491328,0.139264,1.7842176,0.426752,0.0441984
858,"[0, 51, 32, 45]",0.8013697504997254,8,1,0,104,4,51,72,1,32,96,2,45,2.690048,0.139264,1.7842176,0.3344896,0.077376
361,"[0, 39, 52, 31]",0.8016216933727265,8,1,0,80,4,39,112,1,52,64,4,31,1.9412608,0.139264,1.0795008,0.2315264,0.1362688
730,"[19, 0, 7, 0]",0.8019145965576172,40,4,19,8,1,0,16,4,7,8,1,0,1.8676352,1.3115392,0.1828864,0.0163328,0.002176
106,"[40, 8, 50, 35]",0.8022970616817474,88,1,40,24,1,8,104,3,50,72,4,35,2.0256128,0.335872,0.8722432,0.3262976,0.1364992
869,"[56, 12, 1, 54]",0.8033050060272217,120,1,56,32,1,12,8,2,1,112,3,54,2.4945664,0.4145152,1.6070656,0.0313856,0.0868992
171,"[9, 39, 52, 24]",0.8035639464855194,24,2,9,80,4,39,112,1,52,56,1,24,2.1659264,0.3186688,1.168384,0.2315264,0.0926464
593,"[56, 7, 16, 38]",0.8042649567127228,120,1,56,16,4,7,40,1,16,80,3,38,2.4480768,0.4145152,1.6050176,0.0136192,0.060224
146,"[0, 43, 31, 4]",0.8050775587558746,8,1,0,88,4,43,64,4,31,16,1,4,2.228672,0.139264,1.2947456,0.4109824,0.0289792
741,"[48, 4, 42, 36]",0.805384349822998,104,1,48,16,1,4,88,3,42,80,1,36,2.1997824,0.3751936,1.1773952,0.229376,0.0631168
190,"[48, 36, 3, 35]",0.8055411756038666,104,1,48,80,1,36,8,4,3,72,4,35,2.3228288,0.3751936,1.360896,0.1767936,0.0552448
859,"[5, 39, 10, 46]",0.8055447518825531,16,2,5,80,4,39,24,3,10,96,3,46,1.9683584,0.2260992,1.1173888,0.1994752,0.0706944
35,"[12, 58, 24, 32]",0.8058721482753753,32,1,12,120,3,58,56,1,24,72,1,32,2.7675904,0.1982464,1.7649664,0.4214272,0.0282496
795,"[25, 18, 12, 0]",0.8064010679721832,56,2,25,40,3,18,32,1,12,8,1,0,1.9482496,0.9510912,0.5818368,0.0530944,0.0075264
277,"[52, 36, 5, 14]",0.8070603847503662,112,1,52,80,1,36,16,2,5,32,3,14,2.497856,0.3948544,1.5560704,0.1816576,0.0105728
502,"[56, 9, 49, 34]",0.8076153874397278,120,1,56,24,2,9,104,2,49,72,3,34,2.685824,0.4145152,1.615872,0.1818624,0.1188736
363,"[52, 36, 7, 12]",0.8080628871917724,112,1,52,80,1,36,16,4,7,32,1,12,2.4987776,0.3948544,1.5560704,0.1900544,0.0030976
725,"[29, 16, 24, 24]",0.8087364614009858,64,2,29,40,1,16,56,1,24,56,1,24,2.124416,1.1747328,0.507904,0.0604672,0.0266112
258,"[33, 2, 53, 8]",0.8091993927955627,72,2,33,8,3,2,112,2,53,24,1,8,2.6204288,1.4245888,0.5740544,0.1805824,0.0865024
340,"[3, 57, 26, 50]",0.80956329703331,8,4,3,120,2,57,56,3,26,104,3,50,1.9897856,0.200704,0.8224768,0.50816,0.103744
806,"[33, 16, 4, 8]",0.8098483443260193,72,2,33,40,1,16,16,1,4,24,1,8,2.4596096,1.4245888,0.6293504,0.0481792,0.0027904
558,"[4, 53, 46, 31]",0.8101660013198853,16,1,4,112,2,53,96,3,46,64,4,31,2.041792,0.1589248,0.7667712,0.6482944,0.1131008
905,"[40, 16, 57, 44]",0.8102558255195618,88,1,40,40,1,16,120,2,57,96,1,44,1.9870464,0.335872,0.9115648,0.27136,0.1135488
166,"[48, 28, 8, 13]",0.8107457399368286,104,1,48,64,1,28,24,1,8,32,2,13,2.1739264,0.3751936,1.3150208,0.1196032,0.009408
0,"[5, 46, 1, 13]",0.8108868300914764,16,2,5,96,3,46,8,2,1,32,2,13,1.910784,0.2260992,1.0768384,0.248064,0.0050816
452,"[9, 37, 55, 20]",0.8111500322818757,24,2,9,80,2,37,112,4,55,48,1,20,1.9732096,0.3186688,0.47616,0.7325696,0.0911104
236,"[1, 53, 38, 38]",0.8116197109222412,8,2,1,112,2,53,80,3,38,80,3,38,1.895488,0.159744,0.7223296,0.5620736,0.09664
276,"[4, 53, 35, 23]",0.8116402804851532,16,1,4,112,2,53,72,4,35,48,4,23,1.939328,0.1589248,0.7667712,0.5943808,0.0645504
748,"[7, 58, 2, 12]",0.8121610939502716,16,4,7,120,3,58,8,3,2,32,1,12,2.7346432,0.360448,1.6334848,0.3846656,0.001344
772,"[48, 32, 9, 40]",0.8125293254852295,104,1,48,72,1,32,24,2,9,88,1,40,2.2342912,0.3751936,1.3379584,0.1579008,0.0085376
850,"[52, 36, 31, 19]",0.812709367275238,112,1,52,80,1,36,64,4,31,40,4,19,2.727296,0.3948544,1.5560704,0.3728384,0.048832
559,"[40, 8, 57, 30]",0.8133150398731231,88,1,40,24,1,8,120,2,57,64,3,30,1.9298048,0.335872,0.8722432,0.231936,0.1350528
821,"[6, 58, 17, 8]",0.8141058683395386,16,3,6,120,3,58,40,2,17,24,1,8,2.7252224,0.2932736,1.6334848,0.431104,0.0126592
172,"[52, 2, 14, 55]",0.8141090273857117,112,1,52,8,3,2,32,3,14,112,4,55,2.2694016,0.3948544,1.3451264,0.0352768,0.1394432
455,"[2, 54, 34, 59]",0.8143469750881195,8,3,2,112,3,54,72,3,34,120,4,59,2.6421888,0.180224,1.3903872,0.5238784,0.1929984
72,"[37, 1, 16, 36]",0.8143943190574646,80,2,37,8,2,1,40,1,16,80,1,36,2.7754496,1.7006592,0.6969344,0.0061952,0.01696
597,"[12, 50, 0, 4]",0.8145631849765778,32,1,12,104,3,50,8,1,0,16,1,4,2.216704,0.1982464,1.374208,0.2886144,0.0009344
563,"[56, 3, 47, 0]",0.8146483123302459,120,1,56,8,4,3,96,4,47,8,1,0,2.7571072,0.4145152,1.5437824,0.3824128,0.061696
582,"[8, 46, 1, 12]",0.8147857487201691,24,1,8,96,3,46,8,2,1,32,1,12,1.9138048,0.1785856,1.1311104,0.248064,0.001344
713,"[2, 54, 33, 11]",0.8147959470748901,8,3,2,112,3,54,72,2,33,24,4,11,2.4225408,0.180224,1.3903872,0.453376,0.0438528
339,"[52, 1, 51, 29]",0.8158459901809693,112,1,52,8,2,1,104,4,51,64,2,29,2.6318336,0.3948544,1.3400064,0.4460544,0.0962176
225,"[4, 43, 27, 27]",0.815914797782898,16,1,4,88,4,43,56,4,27,56,4,27,2.2748544,0.1589248,1.334272,0.3678208,0.059136
412,"[48, 9, 28, 44]",0.8160301625728608,104,1,48,24,2,9,64,1,28,96,1,44,2.0326784,0.3751936,1.2353536,0.0292352,0.0381952
246,"[48, 40, 3, 49]",0.8166211664676666,104,1,48,88,1,40,8,4,3,104,2,49,2.3650944,0.3751936,1.3838336,0.2120704,0.039296
535,"[48, 7, 57, 36]",0.8171860933303833,104,1,48,16,4,7,120,2,57,80,1,36,2.2850816,0.3751936,1.227776,0.2171392,0.110272
699,"[10, 49, 52, 32]",0.817415463924408,24,3,10,104,2,49,112,1,52,72,1,32,1.9997824,0.458752,0.7274496,0.3631616,0.0957184
898,"[2, 51, 24, 4]",0.8174837350845336,8,3,2,104,4,51,56,1,24,16,1,4,2.6646784,0.180224,1.7842176,0.3230208,0.0225152
471,"[4, 43, 21, 14]",0.817543238401413,16,1,4,88,4,43,48,2,21,32,3,14,2.1387392,0.1589248,1.334272,0.2650624,0.0257792
946,"[12, 53, 56, 30]",0.8178201079368591,32,1,12,112,2,53,120,1,56,64,3,30,2.0027136,0.1982464,0.894976,0.4197376,0.1350528
410,"[52, 28, 3, 11]",0.8181765377521515,112,1,52,64,1,28,8,4,3,24,4,11,2.3802496,0.3948544,1.5069184,0.1160704,0.0077056
809,"[48, 32, 48, 11]",0.8184606790542602,104,1,48,72,1,32,104,1,48,24,4,11,2.3395456,0.3751936,1.3379584,0.1901056,0.0815872
352,"[5, 39, 27, 26]",0.8189411342144013,16,2,5,80,4,39,56,4,27,56,3,26,2.0765696,0.2260992,1.1173888,0.3300864,0.0482944
913,"[56, 7, 22, 0]",0.8192402005195618,120,1,56,16,4,7,48,3,22,8,1,0,2.4697472,0.4145152,1.6050176,0.07936,0.0161536
701,"[3, 54, 8, 51]",0.8193158268928528,8,4,3,112,3,54,24,1,8,104,4,51,2.4094848,0.200704,1.3903872,0.3460096,0.1176832
113,"[8, 50, 9, 39]",0.820948988199234,24,1,8,104,3,50,24,2,9,80,4,39,2.2203392,0.1785856,1.3051904,0.3088384,0.073024
931,"[1, 46, 39, 38]",0.8213116824626923,8,2,1,96,3,46,80,4,39,80,3,38,2.2010496,0.159744,1.0356736,0.5542912,0.09664
967,"[1, 54, 41, 28]",0.8218584179878234,8,2,1,112,3,54,88,2,41,64,1,28,2.4648448,0.159744,1.3903872,0.4993536,0.0606592
453,"[4, 50, 12, 29]",0.8224071323871612,16,1,4,104,3,50,32,1,12,64,2,29,2.0938624,0.1589248,1.24928,0.3058176,0.0251392
498,"[0, 50, 32, 35]",0.8225630462169647,8,1,0,104,3,50,72,1,32,72,4,35,2.1312384,0.139264,1.2064768,0.3344896,0.0963072
562,"[48, 16, 25, 20]",0.8234767436981201,104,1,48,40,1,16,56,2,25,48,1,20,2.105728,0.3751936,1.246208,0.1038336,0.025792
310,"[3, 50, 26, 27]",0.8241694629192352,8,4,3,104,3,50,56,3,26,56,4,27,2.2307712,0.200704,1.2064768,0.4097536,0.059136
474,"[52, 20, 58, 3]",0.8244803428649903,112,1,52,48,1,20,120,3,58,8,4,3,2.7910272,0.3948544,1.4577664,0.4872192,0.0964864
370,"[3, 35, 58, 58]",0.8248645246028901,8,4,3,72,4,35,120,3,58,120,3,58,2.2341632,0.200704,0.8839168,0.5807616,0.21408
689,"[52, 4, 45, 23]",0.8251322686672211,112,1,52,16,1,4,96,2,45,48,4,23,2.3472768,0.3948544,1.3594624,0.1457152,0.092544
818,"[44, 8, 27, 4]",0.8252888262271881,96,1,44,24,1,8,56,4,27,16,1,4,1.9201792,0.3555328,1.0297344,0.157696,0.0225152
430,"[8, 46, 55, 55]",0.8253080785274506,24,1,8,96,3,46,112,4,55,112,4,55,2.7101056,0.1785856,1.1311104,0.8170496,0.2286592
45,"[1, 50, 59, 46]",0.8253308057785034,8,2,1,104,3,50,120,4,59,96,3,46,2.8388096,0.159744,1.2064768,0.942592,0.175296
159,"[5, 54, 52, 55]",0.8264442563056946,16,2,5,112,3,54,112,1,52,112,4,55,2.6578816,0.2260992,1.4348288,0.4135936,0.2286592
592,"[1, 54, 14, 31]",0.8265707731246948,8,2,1,112,3,54,32,3,14,64,4,31,2.3400832,0.159744,1.3903872,0.3820544,0.0531968
867,"[2, 49, 59, 13]",0.8269366264343262,8,3,2,104,2,49,120,4,59,32,2,13,2.210432,0.180224,0.628736,0.942592,0.1041792
103,"[48, 16, 28, 52]",0.8274923861026764,104,1,48,40,1,16,64,1,28,112,1,52,2.0790656,0.3751936,1.246208,0.0629248,0.0400384
634,"[2, 54, 45, 48]",0.8276533246040344,8,3,2,112,3,54,96,2,45,104,1,48,2.5277824,0.180224,1.3903872,0.5248,0.0776704
434,"[0, 43, 18, 25]",0.8281052529811859,8,1,0,88,4,43,40,3,18,56,2,25,2.088128,0.139264,1.2947456,0.2734592,0.0259584
174,"[7, 54, 2, 20]",0.828256356716156,16,4,7,112,3,54,8,3,2,48,1,20,2.4880128,0.360448,1.4348288,0.3362816,0.0017536
909,"[5, 35, 58, 56]",0.8283329606056213,16,2,5,72,4,35,120,3,58,120,1,56,2.200192,0.2260992,0.9201664,0.5807616,0.118464
645,"[23, 2, 56, 28]",0.8293302297592163,48,4,23,8,3,2,120,1,56,64,1,28,2.5306368,1.785856,0.2686976,0.0143872,0.1069952
771,"[4, 54, 30, 37]",0.8296416103839874,16,1,4,112,3,54,64,3,30,80,2,37,2.4953984,0.1589248,1.4348288,0.48896,0.057984
903,"[3, 35, 58, 59]",0.8298819363117218,8,4,3,72,4,35,120,3,58,120,4,59,2.2819712,0.200704,0.8839168,0.5807616,0.261888
151,"[44, 8, 22, 49]",0.8298927843570709,96,1,44,24,1,8,48,3,22,104,2,49,1.8913024,0.3555328,1.0297344,0.0904704,0.060864
6,"[40, 2, 51, 35]",0.829943859577179,88,1,40,8,3,2,104,4,51,72,4,35,2.116288,0.335872,0.8431616,0.4460544,0.1364992
357,"[19, 0, 48, 56]",0.8299813985824585,40,4,19,8,1,0,104,1,48,120,1,56,1.9540992,1.3115392,0.1828864,0.0127488,0.092224
623,"[56, 1, 19, 47]",0.8300498902797699,120,1,56,8,2,1,40,4,19,96,4,47,2.4881152,0.4145152,1.5335424,0.0745472,0.1108096
249,"[3, 35, 47, 44]",0.8302670598030091,8,4,3,72,4,35,96,4,47,96,1,44,2.0721536,0.200704,0.8839168,0.5564928,0.0763392
250,"[8, 35, 50, 10]",0.8305836260318756,24,1,8,72,4,35,104,3,50,24,3,10,2.061184,0.1785856,0.9695232,0.478976,0.0793984
742,"[52, 4, 26, 26]",0.8312310934066772,112,1,52,16,1,4,56,3,26,56,3,26,2.2601216,0.3948544,1.3594624,0.1028096,0.0482944
57,"[4, 31, 55, 23]",0.8323986947536468,16,1,4,64,4,31,112,4,55,48,4,23,2.0327296,0.1589248,0.7426048,0.6611968,0.1153024
915,"[52, 4, 37, 2]",0.8324130117893219,112,1,52,16,1,4,80,2,37,8,3,2,2.2591872,0.3948544,1.3594624,0.1062912,0.0438784
93,"[4, 54, 33, 44]",0.8324848532676696,16,1,4,112,3,54,72,2,33,96,1,44,2.4483328,0.1589248,1.4348288,0.453376,0.0465024
312,"[52, 8, 22, 42]",0.8334647417068481,112,1,52,24,1,8,48,3,22,88,3,42,2.2994816,0.3948544,1.3840384,0.0904704,0.0754176
660,"[8, 39, 59, 30]",0.8338184595108032,24,1,8,80,4,39,120,4,59,64,3,30,2.6464512,0.1785856,1.168384,0.809728,0.1350528
358,"[2, 54, 24, 30]",0.835026067495346,8,3,2,112,3,54,56,1,24,64,3,30,2.3513856,0.180224,1.3903872,0.3705856,0.055488
960,"[44, 32, 12, 40]",0.8352169454097748,96,1,44,72,1,32,32,1,12,88,1,40,2.0336512,0.3555328,1.1575296,0.1532416,0.0126464
783,"[48, 0, 58, 15]",0.8374123871326447,104,1,48,8,1,0,120,3,58,32,4,15,2.3928576,0.3751936,1.1544576,0.3968512,0.1116544
265,"[4, 35, 43, 15]",0.837966012954712,16,1,4,72,4,35,88,4,43,32,4,15,1.9952384,0.1589248,0.9201664,0.4944896,0.0669568
673,"[4, 47, 54, 11]",0.8391800463199616,16,1,4,96,4,47,112,3,54,24,4,11,2.8275456,0.1589248,1.570816,0.6500352,0.0930688
297,"[2, 53, 55, 44]",0.839390081167221,8,3,2,112,2,53,112,4,55,96,1,44,2.2722176,0.180224,0.7223296,0.9146368,0.1003264
391,"[48, 5, 18, 58]",0.8393991827964783,104,1,48,16,2,5,40,3,18,120,3,58,2.0989184,0.3751936,1.1941888,0.0591872,0.115648
144,"[1, 46, 59, 55]",0.8410441517829895,8,2,1,96,3,46,120,4,59,112,4,55,2.687232,0.159744,1.0356736,0.8950272,0.2420864
336,"[52, 2, 58, 31]",0.8414837062358856,112,1,52,8,3,2,120,3,58,64,4,31,2.6406144,0.3948544,1.3451264,0.3968512,0.1490816
738,"[1, 39, 22, 10]",0.8424996137619019,8,2,1,80,4,39,48,3,22,24,3,10,1.875904,0.159744,1.0795008,0.2599936,0.0219648
422,"[56, 36, 16, 32]",0.8430447995662689,120,1,56,80,1,36,40,1,16,72,1,32,2.7408896,0.4145152,1.764352,0.190976,0.0163456
402,"[0, 43, 54, 32]",0.843346756696701,8,1,0,88,4,43,112,3,54,72,1,32,2.4905856,0.139264,1.2947456,0.6061568,0.0957184
278,"[56, 2, 27, 35]",0.8441841065883636,120,1,56,8,3,2,56,4,27,72,4,35,2.5269376,0.4145152,1.5386624,0.1379328,0.0811264
863,"[2, 23, 59, 59]",0.8452387630939484,8,3,2,48,4,23,120,4,59,120,4,59,1.8903936,0.180224,0.4151296,0.6784512,0.261888
314,"[4, 27, 59, 10]",0.8461954176425934,16,1,4,56,4,27,120,4,59,24,3,10,1.9078656,0.1589248,0.584704,0.7063552,0.1031808
85,"[1, 54, 9, 13]",0.8463317692279816,8,2,1,112,3,54,24,2,9,32,2,13,2.2690048,0.159744,1.3903872,0.3547648,0.009408
507,"[3, 50, 3, 34]",0.8471393704414367,8,4,3,104,3,50,8,4,3,72,3,34,2.0919552,0.200704,1.2064768,0.2924544,0.0376192
918,"[2, 54, 11, 28]",0.8480857372283935,8,3,2,112,3,54,24,4,11,64,1,28,2.304896,0.180224,1.3903872,0.3722752,0.0073088
790,"[48, 1, 53, 3]",0.8499114573001861,104,1,48,8,2,1,112,2,53,8,4,3,2.1544448,0.3751936,1.1595776,0.1805824,0.0843904
43,"[1, 54, 35, 34]",0.8509815335273743,8,2,1,112,3,54,72,4,35,72,3,34,2.5778944,0.159744,1.3903872,0.5943808,0.0786816
143,"[56, 32, 52, 48]",0.8519541084766388,120,1,56,72,1,32,112,1,52,104,1,48,2.8034176,0.4145152,1.7381376,0.1942016,0.1018624
667,"[3, 58, 20, 47]",0.8543062388896943,8,4,3,120,3,58,48,1,20,96,4,47,2.6743424,0.200704,1.5874048,0.4148736,0.1166592
868,"[0, 50, 54, 8]",0.8574531316757202,8,1,0,104,3,50,112,3,54,24,1,8,2.4841344,0.139264,1.2064768,0.6971904,0.0865024
127,"[56, 6, 48, 32]",0.8638259947299958,120,1,56,16,3,6,104,1,48,72,1,32,2.464512,0.4145152,1.588224,0.0234496,0.0836224
811,"[56, 4, 16, 33]",0.8670105993747711,120,1,56,16,1,4,40,1,16,72,2,33,2.3714432,0.4145152,1.5546368,0.0136192,0.0339712
137,"[0, 58, 13, 15]",0.869635945558548,8,1,0,120,3,58,32,2,13,32,4,15,2.5183616,0.139264,1.5874048,0.4167168,0.0202752
131,"[52, 2, 0, 36]",0.8742408335208893,112,1,52,8,3,2,8,1,0,80,1,36,2.1001728,0.3948544,1.3451264,0.0029184,0.0025728
683,"[56, 32, 0, 40]",0.8873912632465363,120,1,56,72,1,32,8,1,0,88,1,40,2.6510848,0.4145152,1.7381376,0.1409536,0.0027776
468,"[52, 4, 44, 28]",0.901325625181198,112,1,52,16,1,4,96,1,44,64,1,28,2.2022528,0.3948544,1.3594624,0.0222208,0.0710144
